operation,stage,attempt,core,case,repeat,ef,recall,qps,wall_s,thread_cpu_s,process_cpu_s,sample_clean,selected_for_paper,rejection_reasons
insert,0,0,24,initial_ef40,0,40,0.9484,1615.7081268599368,0.6189236678183079,0.6189192740000067,0.6189241390000007,True,True,
insert,0,0,24,initial_ef40,1,40,0.9484,1622.7969519169105,0.6162200383841991,0.6162045670000111,0.6162079069999891,True,True,
insert,0,0,24,initial_ef40,2,40,0.9484,1620.2574236308953,0.617185877636075,0.6171513870000069,0.6171544679999954,True,True,
insert,0,0,24,initial_ef40,3,40,0.9484,1581.891339450596,0.6321546714752913,0.6321409120000112,0.6321443669999951,True,True,
insert,0,0,24,initial_ef40,4,40,0.9484,1610.727482615134,0.6208374854177237,0.620822258000004,0.6208257520000018,True,True,
insert,0,0,24,initial_ef40,5,40,0.9484,1633.6109345411687,0.6121408585458994,0.6121200919999978,0.6121237839999765,True,True,
insert,0,0,24,initial_ef40,6,40,0.9484,1629.9505656782906,0.6135155390948057,0.6135030030000053,0.6135068739999952,True,True,
insert,0,0,24,initial_ef41,0,41,0.9509,1571.3518393271752,0.6363947112113237,0.6363726799999938,0.6363764460000141,True,True,
insert,0,0,24,initial_ef41,1,41,0.9509,1551.4032180880263,0.6445777527987957,0.6445567459999779,0.6445603729999902,True,True,
insert,0,0,24,initial_ef41,2,41,0.9509,1568.263666998683,0.6376478783786297,0.6376321889999872,0.6376357230000167,True,True,
insert,0,0,24,initial_ef41,3,41,0.9509,1550.4741523962202,0.6449639927595854,0.6449474660000192,0.6449506740000004,True,True,
insert,0,0,24,initial_ef41,4,41,0.9509,1578.0031942643138,0.6337122786790133,0.6336968820000095,0.6337002270000198,True,True,
insert,0,0,24,initial_ef41,5,41,0.9509,1570.6312587042157,0.6366866789758205,0.636645403000017,0.6366491699999983,True,True,
insert,0,0,24,initial_ef41,6,41,0.9509,1579.786497927578,0.632996927946806,0.6329283000000032,0.6329319390000023,True,True,
insert,0,0,24,current_ef40,0,40,0.9484,1600.3549838694764,0.6248613651841879,0.6248546729999873,0.6248578429999725,True,True,
insert,0,0,24,current_ef40,1,40,0.9484,1603.6984095515993,0.6235586404800415,0.6235317019999798,0.6235356759999888,True,True,
insert,0,0,24,current_ef40,2,40,0.9484,1626.3602045023233,0.6148699391633272,0.614864238999985,0.6148681600000145,True,True,
insert,0,0,24,current_ef40,3,40,0.9484,1623.1024476568264,0.6161040551960468,0.6160761879999939,0.6160795389999976,True,True,
insert,0,0,24,current_ef40,4,40,0.9484,1602.1864401689145,0.6241470873355865,0.6241340660000105,0.6241374189999931,True,True,
insert,0,0,24,current_ef40,5,40,0.9484,1620.2382115217679,0.6171931959688663,0.6171763019999901,0.6171821920000014,True,True,
insert,0,0,24,current_ef40,6,40,0.9484,1632.3984498361756,0.612595533952117,0.6125800760000004,0.6125835260000088,True,True,
insert,0,0,24,current_ef41,0,41,0.9509,1545.758612508558,0.6469315402209759,0.6382700340000156,0.6382733859999803,True,True,
insert,0,0,24,current_ef41,1,41,0.9509,1588.2165542594728,0.6296370588243008,0.6296230199999968,0.6296261150000078,True,True,
insert,0,0,24,current_ef41,2,41,0.9509,1597.5884504755059,0.6259434334933758,0.6259372049999854,0.6259406849999891,True,True,
insert,0,0,24,current_ef41,3,41,0.9509,1572.4599192620951,0.6359462570399046,0.6359398250000083,0.6359436209999956,True,True,
insert,0,0,24,current_ef41,4,41,0.9509,1583.7585933920636,0.6314093600958586,0.6314030499999888,0.631406308999999,True,True,
insert,0,0,24,current_ef41,5,41,0.9509,1595.4181032138576,0.6267949435859919,0.626789002999999,0.6267925429999934,True,True,
insert,0,0,24,current_ef41,6,41,0.9509,1583.1594093231574,0.6316483318805695,0.6316183710000018,0.6316223940000043,True,True,
insert,1,0,24,initial_ef40,0,40,0.9484,1621.6490894223398,0.6166562214493752,0.616630401000009,0.6166348319999884,True,True,
insert,1,0,24,initial_ef40,1,40,0.9484,1598.2513866929066,0.6256837993860245,0.6256263910000257,0.6256307969999853,True,True,
insert,1,0,24,initial_ef40,2,40,0.9484,1613.5594958020895,0.6197478324174881,0.6197198390000267,0.6197237760000007,True,True,
insert,1,0,24,initial_ef40,3,40,0.9484,1619.9615470477047,0.6172986030578613,0.6172934429999941,0.6172971240000038,True,True,
insert,1,0,24,initial_ef40,4,40,0.9484,1633.757944639287,0.6120857764035463,0.6120797340000195,0.612083718000008,True,True,
insert,1,0,24,initial_ef40,5,40,0.9484,1620.6176677906356,0.6170486845076084,0.6170243180000057,0.6170274979999704,True,True,
insert,1,0,24,initial_ef40,6,40,0.9484,1628.2365601123768,0.6141613721847534,0.6141470140000251,0.614149977000011,True,True,
insert,1,0,24,initial_ef41,0,41,0.9509,1583.8731418157515,0.63136369548738,0.6313585229999887,0.631363097000019,True,True,
insert,1,0,24,initial_ef41,1,41,0.9509,1572.4440806509701,0.6359526626765728,0.6358402410000394,0.6358442939999804,True,True,
insert,1,0,24,initial_ef41,2,41,0.9509,1582.7200832848905,0.6318236626684666,0.631811611000046,0.6318152929999883,True,True,
insert,1,0,24,initial_ef41,3,41,0.9509,1575.0712624140544,0.6348919086158276,0.6348781300000041,0.6348818720000509,True,True,
insert,1,0,24,initial_ef41,4,41,0.9509,1584.8363615178025,0.6309799700975418,0.6309576489999813,0.6309610609999936,True,True,
insert,1,0,24,initial_ef41,5,41,0.9509,1587.3091785202744,0.6299969870597124,0.6299611540000001,0.6299643379999793,True,True,
insert,1,0,24,initial_ef41,6,41,0.9509,1579.9616692126745,0.6329267472028732,0.6329106249999654,0.6329142559999923,True,True,
insert,1,0,24,current_ef42,0,42,0.9499,1531.6020543396776,0.6529111117124557,0.6528952080000181,0.6528988850000133,True,True,
insert,1,0,24,current_ef42,1,42,0.9499,1552.8106349707452,0.643993528559804,0.6439570210000056,0.643960834999973,True,True,
insert,1,0,24,current_ef42,2,42,0.9499,1515.5230316935647,0.6598382070660591,0.659803361999991,0.659807332000014,True,True,
insert,1,0,24,current_ef42,3,42,0.9499,1542.8096107607769,0.6481681168079376,0.6481311230000415,0.648134792999997,True,True,
insert,1,0,24,current_ef42,4,42,0.9499,1545.508354220321,0.6470362953841686,0.6470203890000334,0.6470241149999651,True,True,
insert,1,0,24,current_ef42,5,42,0.9499,1548.421423856322,0.6458190158009529,0.6458029710000233,0.6458067469999946,True,True,
insert,1,0,24,current_ef42,6,42,0.9499,1536.5696208317765,0.6508003193885088,0.6507839789999821,0.6507876639999495,True,True,
insert,1,0,24,current_ef43,0,43,0.9515,1499.1584864394076,0.6670408826321363,0.6670130219999919,0.6670164399999976,True,True,
insert,1,0,24,current_ef43,1,43,0.9515,1496.018094077802,0.6684411130845547,0.6684211689999984,0.668424846999983,True,True,
insert,1,0,24,current_ef43,2,43,0.9515,1496.9104508909006,0.6680426336824894,0.6680280450000282,0.6680318530000022,True,True,
insert,1,0,24,current_ef43,3,43,0.9515,1506.297502198692,0.6638794783502817,0.6638635219999856,0.6638678239999649,True,True,
insert,1,0,24,current_ef43,4,43,0.9515,1514.4620171613612,0.6603004820644855,0.6602846510000404,0.6602879719999919,True,True,
insert,1,0,24,current_ef43,5,43,0.9515,1508.1301411371674,0.6630727499723434,0.6630663029999937,0.6630696949999901,True,True,
insert,1,0,24,current_ef43,6,43,0.9515,1502.284131459306,0.6656530406326056,0.6656466199999613,0.6656505029999948,True,True,
insert,2,0,24,initial_ef40,0,40,0.9484,1619.1673427310427,0.6176013890653849,0.617388931999983,0.6173924979999583,True,True,
insert,2,0,24,initial_ef40,1,40,0.9484,1618.1582516175656,0.6179865282028913,0.617980450999994,0.6179835350000076,True,True,
insert,2,0,24,initial_ef40,2,40,0.9484,1604.5319721901162,0.623234698548913,0.6231814739999777,0.6231848099999979,True,True,
insert,2,0,24,initial_ef40,3,40,0.9484,1617.677715329142,0.618170103058219,0.6181181059999972,0.6181212519999804,True,True,
insert,2,0,24,initial_ef40,4,40,0.9484,1621.1711089252349,0.6168380342423916,0.6167899619999844,0.6167935629999874,True,True,
insert,2,0,24,initial_ef40,5,40,0.9484,1609.697885133057,0.6212345864623785,0.6212189949999924,0.6212226210000154,True,True,
insert,2,0,24,initial_ef40,6,40,0.9484,1599.7537705801863,0.6250961981713772,0.625078980000012,0.6250826479999887,True,True,
insert,2,0,24,initial_ef41,0,41,0.9509,1579.3125335732411,0.6331868954002857,0.6331532390000234,0.6331570199999987,True,True,
insert,2,0,24,initial_ef41,1,41,0.9509,1586.5280659284376,0.6303071603178978,0.6302901099999758,0.6302942379999763,True,True,
insert,2,0,24,initial_ef41,2,41,0.9509,1566.7120420083907,0.6382793858647346,0.638264844000048,0.6382687939999983,True,True,
insert,2,0,24,initial_ef41,3,41,0.9509,1580.4016143777862,0.6327505558729172,0.6327166649999754,0.6327202060000445,True,True,
insert,2,0,24,initial_ef41,4,41,0.9509,1586.3081349461206,0.6303945481777191,0.6303825820000384,0.6303855849999991,True,True,
insert,2,0,24,initial_ef41,5,41,0.9509,1577.744028533176,0.6338163744658232,0.633799205999992,0.6338028739999686,True,True,
insert,2,0,24,initial_ef41,6,41,0.9509,1575.0498769836706,0.6349005289375782,0.6348961119999785,0.6348994489999882,True,True,
insert,2,0,24,current_ef43,0,43,0.9497,1484.4391066994808,0.673655116930604,0.6736326230000032,0.6736359230000062,True,True,
insert,2,0,24,current_ef43,1,43,0.9497,1502.2165428079054,0.66568299010396,0.665640532999987,0.6656444239999928,True,True,
insert,2,0,24,current_ef43,2,43,0.9497,1496.205514496329,0.6683573815971613,0.668340368000031,0.6683442970000328,True,True,
insert,2,0,24,current_ef43,3,43,0.9497,1507.9139959580266,0.6631677951663733,0.6631510909999747,0.6631548260000386,True,True,
insert,2,0,24,current_ef43,4,43,0.9497,1503.0771327356379,0.6653018519282341,0.6652776220000192,0.6652812699999799,True,True,
insert,2,0,24,current_ef43,5,43,0.9497,1480.7877051255498,0.6753162499517202,0.6753113460000009,0.6753152260000093,True,True,
insert,2,0,24,current_ef43,6,43,0.9497,1502.3968291659137,0.6656031087040901,0.6655757429999767,0.6655793589999917,True,True,
insert,2,0,24,current_ef44,0,44,0.9519,1463.053390481967,0.6835020557045937,0.6834337629999823,0.6834374309999589,True,True,
insert,2,0,24,current_ef44,1,44,0.9519,1466.8557341871651,0.6817303001880646,0.6816651710000201,0.6816693270000087,True,True,
insert,2,0,24,current_ef44,2,44,0.9519,1467.5428828862887,0.6814110931009054,0.6813937489999944,0.6813970339999855,True,True,
insert,2,0,24,current_ef44,3,44,0.9519,1452.6803184850412,0.68838270008564,0.6883138509999753,0.6883183790000089,True,True,
insert,2,0,24,current_ef44,4,44,0.9519,1465.659651606028,0.6822866406291723,0.6821993159999806,0.6822024049999982,True,True,
insert,2,0,24,current_ef44,5,44,0.9519,1424.7854763623097,0.7018600460141897,0.7017900949999785,0.7017934780000132,True,True,
insert,2,0,24,current_ef44,6,44,0.9519,1464.489119320147,0.6828319765627384,0.6827716790000409,0.6827757829999541,True,True,
insert,3,0,24,initial_ef40,0,40,0.9484,1617.7489079211502,0.6181428991258144,0.6181271599999718,0.6181307990000278,True,True,
insert,3,0,24,initial_ef40,1,40,0.9484,1619.359132721622,0.6175282429903746,0.6175132379999582,0.6175167570000326,True,False,
insert,3,0,24,initial_ef40,2,40,0.9484,1611.2504447572783,0.6206359807401896,0.6206183470000042,0.6206226550000338,True,False,
insert,3,0,24,initial_ef40,3,40,0.9484,1635.665421789493,0.6113719753921032,0.6113662799999702,0.6113700490000156,True,True,
insert,3,0,24,initial_ef40,4,40,0.9484,1623.3221177034527,0.6160206831991673,0.6160150340000428,0.61601930300003,True,True,
insert,3,0,24,initial_ef40,5,40,0.9484,1624.3246970872704,0.6156404577195644,0.615635506999979,0.6156388079999715,True,True,
insert,3,0,24,initial_ef40,6,40,0.9484,1625.1801700942335,0.6153163928538561,0.6153103600000804,0.6153144580000571,True,True,
insert,3,0,24,initial_ef40,7,40,0.9484,1632.6596577301964,0.6124975252896547,0.6124921649999351,0.6124959380000519,True,True,
insert,3,0,24,initial_ef40,8,40,0.9484,1605.409726692339,0.6228939462453127,0.6228743709999662,0.6228781000000936,True,True,
insert,3,0,24,initial_ef41,0,41,0.9509,1556.8362296236714,0.6423283200711012,0.6423157800000467,0.642319418999989,True,True,
insert,3,0,24,initial_ef41,1,41,0.9509,1578.414154261043,0.6335472837090492,0.6335332009999775,0.6335370949999515,True,False,
insert,3,0,24,initial_ef41,2,41,0.9509,1585.7242234521973,0.6306266784667969,0.6306134229999998,0.6306170450000081,False,False,frequency outside configured interval or unavailable
insert,3,0,24,initial_ef41,3,41,0.9509,1589.628605153382,0.6290777586400509,0.629062212000008,0.6290660360000402,True,True,
insert,3,0,24,initial_ef41,4,41,0.9509,1586.949999105685,0.6301395762711763,0.6301254109999945,0.630129416999921,True,True,
insert,3,0,24,initial_ef41,5,41,0.9509,1578.9816595858144,0.633319579064846,0.6332826320000322,0.6332867470000565,True,True,
insert,3,0,24,initial_ef41,6,41,0.9509,1588.3172754503735,0.6295971311628819,0.629582269000025,0.629586181000036,True,True,
insert,3,0,24,initial_ef41,7,41,0.9509,1581.571954474384,0.632282329723239,0.6322459230000277,0.6322494910000387,True,True,
insert,3,0,24,initial_ef41,8,41,0.9509,1592.2263304882433,0.6280514150857925,0.6280342799999517,0.6280375000000049,True,True,
insert,3,0,24,current_ef46,0,46,0.9499,1386.730035095986,0.7211208920925856,0.721104615999991,0.7211085259999663,True,True,
insert,3,0,24,current_ef46,1,46,0.9499,1396.4058311916997,0.7161241937428713,0.7160848250000527,0.7160884030000148,False,False,frequency outside configured interval or unavailable
insert,3,0,24,current_ef46,2,46,0.9499,1399.577475715383,0.7145013529807329,0.7144978370000672,0.7145013860000518,True,False,
insert,3,0,24,current_ef46,3,46,0.9499,1407.935580034932,0.7102597691118717,0.7101836240000239,0.7101882099999557,True,True,
insert,3,0,24,current_ef46,4,46,0.9499,1405.1956906581754,0.7116446532309055,0.711621077000018,0.711625808000008,True,True,
insert,3,0,24,current_ef46,5,46,0.9499,1387.5771890999242,0.7206806279718876,0.7206670680000116,0.720670680000012,True,True,
insert,3,0,24,current_ef46,6,46,0.9499,1406.4538193872154,0.711008058860898,0.7109869089999847,0.7109910760000275,True,True,
insert,3,0,24,current_ef46,7,46,0.9499,1406.4065043556286,0.7110319789499044,0.7110249950000025,0.711028510999995,True,True,
insert,3,0,24,current_ef46,8,46,0.9499,1391.0525945243855,0.7188800796866417,0.7188191679999818,0.7188227179999558,True,True,
insert,3,0,24,current_ef47,0,47,0.951,1359.8186596108358,0.7353921737521887,0.7353840810000065,0.7353876209999726,True,True,
insert,3,0,24,current_ef47,1,47,0.951,1362.6113437705474,0.7338849809020758,0.7338699140000244,0.7338740550000011,True,False,
insert,3,0,24,current_ef47,2,47,0.951,1344.2602246607141,0.7439035847783089,0.7413441850000027,0.7413475130000506,True,False,
insert,3,0,24,current_ef47,3,47,0.951,1378.4299356155668,0.7254630606621504,0.7254402070000197,0.7254443459999038,True,True,
insert,3,0,24,current_ef47,4,47,0.951,1357.2716438580471,0.7367721889168024,0.7367557789999637,0.7367599299999483,True,True,
insert,3,0,24,current_ef47,5,47,0.951,1383.0451686709298,0.7230421844869852,0.7230241299999989,0.7230276440000125,True,True,
insert,3,0,24,current_ef47,6,47,0.951,1374.2913421533196,0.7276477478444576,0.7276304839999739,0.7276345740000352,True,True,
insert,3,0,24,current_ef47,7,47,0.951,1373.96671701738,0.7278196681290865,0.7278016660000048,0.7278057820000186,True,True,
insert,3,0,24,current_ef47,8,47,0.951,1362.15326097762,0.7341317813843489,0.7340704939999796,0.7340735840000434,True,True,
insert,4,0,24,initial_ef40,0,40,0.9484,1615.9867548969596,0.6188169531524181,0.6188049590000446,0.6188087220000398,True,True,
insert,4,0,24,initial_ef40,1,40,0.9484,1626.6007903605487,0.614778995513916,0.6147467179999921,0.6147508560000006,False,False,frequency outside configured interval or unavailable
insert,4,0,24,initial_ef40,2,40,0.9484,1615.5296262660147,0.6189920529723167,0.6189332980000017,0.6189374900000075,True,True,
insert,4,0,24,initial_ef40,3,40,0.9484,1624.8261808623706,0.6154504474252462,0.6154004390000409,0.615404572999978,True,False,
insert,4,0,24,initial_ef40,4,40,0.9484,1612.6069066646712,0.6201139260083437,0.6200625080000464,0.6200664179999649,True,True,
insert,4,0,24,initial_ef40,5,40,0.9484,1629.5070923487483,0.6136825084686279,0.6136677689999033,0.6136715320000121,True,True,
insert,4,0,24,initial_ef40,6,40,0.9484,1623.8448533830017,0.6158223785459995,0.6157547940000541,0.6157584249999672,True,True,
insert,4,0,24,initial_ef40,7,40,0.9484,1620.529473744399,0.6170822661370039,0.6170117609999579,0.6170161620000272,True,True,
insert,4,0,24,initial_ef40,8,40,0.9484,1604.5865651372496,0.6232134941965342,0.6231639320000113,0.6231679539999959,True,True,
insert,4,0,24,initial_ef41,0,41,0.9509,1574.7417288038941,0.6350247673690319,0.6349974940000038,0.6350007949999963,True,True,
insert,4,0,24,initial_ef41,1,41,0.9509,1585.010366290293,0.6309107001870871,0.6308608559999129,0.630864714999916,True,False,
insert,4,0,24,initial_ef41,2,41,0.9509,1569.1737141066042,0.6372780725359917,0.6372660109999515,0.6372697340000286,True,True,
insert,4,0,24,initial_ef41,3,41,0.9509,1579.6916571998954,0.6330349314957857,0.6329763899999534,0.6329802199999222,True,False,
insert,4,0,24,initial_ef41,4,41,0.9509,1539.4978438234782,0.6495624557137489,0.6494935480000095,0.6494967090000046,True,True,
insert,4,0,24,initial_ef41,5,41,0.9509,1555.5467467196113,0.642860783264041,0.6428087980000328,0.6428121830000464,True,True,
insert,4,0,24,initial_ef41,6,41,0.9509,1575.1396507076913,0.6348643433302641,0.634816193000006,0.6348196229999985,True,True,
insert,4,0,24,initial_ef41,7,41,0.9509,1560.9515464448368,0.6406348757445812,0.6405857930000138,0.640590045999943,True,True,
insert,4,0,24,initial_ef41,8,41,0.9509,1568.9022414603223,0.6373883429914713,0.6373288770000727,0.6373327539999991,True,True,
insert,4,0,24,current_ef48,0,48,0.9489,1317.5573862117794,0.7589802239090204,0.7589264370000137,0.758929921999993,True,True,
insert,4,0,24,current_ef48,1,48,0.9489,1336.55760326688,0.7481907233595848,0.7480683469999576,0.7480718660000321,True,False,
insert,4,0,24,current_ef48,2,48,0.9489,1327.7437231984775,0.7531573921442032,0.753133301000048,0.7531375300000036,True,True,
insert,4,0,24,current_ef48,3,48,0.9489,1318.403825514335,0.7584929447621107,0.7584764629999654,0.7584814429999369,True,False,
insert,4,0,24,current_ef48,4,48,0.9489,1313.3096761049244,0.7614350356161594,0.7614275280000129,0.7614312289999816,True,True,
insert,4,0,24,current_ef48,5,48,0.9489,1318.0875947768359,0.7586749196052551,0.7586101079999708,0.7586144890000242,True,True,
insert,4,0,24,current_ef48,6,48,0.9489,1332.6054747113799,0.7504096440970898,0.7503395810000484,0.7503435499999114,True,True,
insert,4,0,24,current_ef48,7,48,0.9489,1308.4522439821596,0.7642617486417294,0.7641588510000474,0.764162492999958,True,True,
insert,4,0,24,current_ef48,8,48,0.9489,1304.7609408097094,0.766423923894763,0.7664051570000083,0.7664083140000457,True,True,
insert,4,0,24,current_ef49,0,49,0.9505,1297.9687875869843,0.7704345509409904,0.7703162799999745,0.7703200859999697,True,True,
insert,4,0,24,current_ef49,1,49,0.9505,1303.7569258220128,0.767014142125845,0.7669612600000164,0.7669654229999878,True,False,
insert,4,0,24,current_ef49,2,49,0.9505,1299.2207198449796,0.7696921583265066,0.7696619889999283,0.7696660480000901,True,True,
insert,4,0,24,current_ef49,3,49,0.9505,1282.9789290587032,0.7794360276311636,0.7794188630000463,0.7794230529999595,False,False,frequency outside configured interval or unavailable
insert,4,0,24,current_ef49,4,49,0.9505,1276.0146112991272,0.7836900856345892,0.7836735879999424,0.7836774289999084,True,True,
insert,4,0,24,current_ef49,5,49,0.9505,1305.7998284963128,0.7658141609281301,0.7657993110000234,0.7658026040001005,True,True,
insert,4,0,24,current_ef49,6,49,0.9505,1307.5008187057106,0.7648178767412901,0.7647948249999672,0.7647990560000153,True,True,
insert,4,0,24,current_ef49,7,49,0.9505,1289.1084771955532,0.7757299076765776,0.7756668949999721,0.7756709520000413,True,True,
insert,4,0,24,current_ef49,8,49,0.9505,1284.1539829637568,0.7787228114902973,0.7786173930001041,0.7786207740000464,True,True,
insert,5,0,24,initial_ef40,0,40,0.9484,1611.604309395046,0.6204997058957815,0.6204942310000661,0.6204983300000322,True,False,
insert,5,0,24,initial_ef40,1,40,0.9484,1610.1008607848437,0.6210791040211916,0.6210269160000053,0.6210307759999978,True,False,
insert,5,0,24,initial_ef40,2,40,0.9484,1625.3534385400571,0.6152507979422808,0.6151922089999289,0.6151959409999108,True,True,
insert,5,0,24,initial_ef40,3,40,0.9484,1619.376467852465,0.6175216324627399,0.61750826399998,0.6175120279999646,True,True,
insert,5,0,24,initial_ef40,4,40,0.9484,1607.6392304030542,0.6220301054418087,0.6220248459999311,0.6220288199999686,True,True,
insert,5,0,24,initial_ef40,5,40,0.9484,1623.9643308866032,0.6157770715653896,0.615710935999914,0.6157143660000202,True,False,
insert,5,0,24,initial_ef40,6,40,0.9484,1627.5769608979779,0.6144102700054646,0.6143917359999023,0.6143947830000798,True,True,
insert,5,0,24,initial_ef40,7,40,0.9484,1598.6817882027788,0.6255153510719538,0.6255103139999392,0.6255140860000665,True,True,
insert,5,0,24,initial_ef40,8,40,0.9484,1603.5558874283995,0.6236140616238117,0.6235547129999759,0.6235585229999288,True,True,
insert,5,0,24,initial_ef40,9,40,0.9484,1632.0861654911585,0.6127127483487129,0.6126533960000415,0.6126571470000499,True,True,
insert,5,0,24,initial_ef41,0,41,0.9509,1568.8182246253127,0.6374224778264761,0.6373714779999773,0.6373748590000332,False,False,frequency outside configured interval or unavailable
insert,5,0,24,initial_ef41,1,41,0.9509,1573.3846935335248,0.6355724725872278,0.6355674669999871,0.6355712499999981,True,False,
insert,5,0,24,initial_ef41,2,41,0.9509,1579.6393492974998,0.6330558937042952,0.6330503929999622,0.6330544479999389,True,True,
insert,5,0,24,initial_ef41,3,41,0.9509,1573.576112342129,0.6354951579123735,0.6354358090000005,0.6354400699999587,True,True,
insert,5,0,24,initial_ef41,4,41,0.9509,1565.6349649323386,0.6387184895575047,0.6386192950000122,0.6386224679999941,True,True,
insert,5,0,24,initial_ef41,5,41,0.9509,1588.8304959004206,0.6293937601149082,0.6293812569999773,0.6293842300000279,False,False,frequency outside configured interval or unavailable
insert,5,0,24,initial_ef41,6,41,0.9509,1592.4179783782236,0.6279758289456367,0.6279073029999154,0.627910887999974,True,True,
insert,5,0,24,initial_ef41,7,41,0.9509,1556.201059223653,0.6425904892385006,0.6425245670000095,0.6425282520000337,True,True,
insert,5,0,24,initial_ef41,8,41,0.9509,1576.2687096262946,0.634409599006176,0.6343583880000097,0.6343623410000419,True,True,
insert,5,0,24,initial_ef41,9,41,0.9509,1570.9629767813108,0.6365522388368845,0.6365360320000946,0.6365436799999316,True,True,
insert,5,0,24,current_ef48,0,48,0.9497,1321.5263233629678,0.7567007802426815,0.7566933269999936,0.7566959949999728,True,False,
insert,5,0,24,current_ef48,1,48,0.9497,1314.611790094923,0.7606808394193649,0.7606294199999866,0.7606331380000029,False,False,frequency outside configured interval or unavailable
insert,5,0,24,current_ef48,2,48,0.9497,1327.7351594594184,0.7531622499227524,0.7531541920000109,0.7531575560000192,True,True,
insert,5,0,24,current_ef48,3,48,0.9497,1305.568674163498,0.7659497503191233,0.765875147000088,0.7658792459999404,True,True,
insert,5,0,24,current_ef48,4,48,0.9497,1319.5542903326213,0.757831646129489,0.7578250299999354,0.7578286589999834,True,True,
insert,5,0,24,current_ef48,5,48,0.9497,1325.843049417732,0.754237087443471,0.7541606730000012,0.7541641770000069,True,False,
insert,5,0,24,current_ef48,6,48,0.9497,1314.3130996994698,0.760853711515665,0.7608464779999622,0.760849869000026,True,True,
insert,5,0,24,current_ef48,7,48,0.9497,1314.2149904903351,0.7609105110168457,0.7608966059999602,0.760900332999995,True,True,
insert,5,0,24,current_ef48,8,48,0.9497,1321.9112763378255,0.7564804218709469,0.7564053419999937,0.7564085430000205,True,True,
insert,5,0,24,current_ef48,9,48,0.9497,1336.3075890045252,0.7483307048678398,0.7482720550000295,0.7482757069999479,True,True,
insert,5,0,24,current_ef49,0,49,0.9522,1277.4110089528783,0.7828333973884583,0.7827642790000482,0.7827676289999772,True,False,
insert,5,0,24,current_ef49,1,49,0.9522,1297.3359431569527,0.7708103712648153,0.7707893580000018,0.770793110999989,True,False,
insert,5,0,24,current_ef49,2,49,0.9522,1302.1190017114636,0.7679789625108242,0.7679201799999191,0.7679237319999856,True,True,
insert,5,0,24,current_ef49,3,49,0.9522,1293.2911306851015,0.7732211071997881,0.7731669479999255,0.7731709389998969,True,True,
insert,5,0,24,current_ef49,4,49,0.9522,1278.7827717957628,0.7819936443120241,0.7819185559999369,0.7819223699999611,True,True,
insert,5,0,24,current_ef49,5,49,0.9522,1285.8016444231966,0.7777249347418547,0.7777167919999783,0.7777200699999867,True,False,
insert,5,0,24,current_ef49,6,49,0.9522,1277.6715864130292,0.7826737407594919,0.7825937200000226,0.7825983719999385,True,True,
insert,5,0,24,current_ef49,7,49,0.9522,1304.40126182598,0.7666352596133947,0.7665666650000276,0.7665703549999989,True,True,
insert,5,0,24,current_ef49,8,49,0.9522,1295.549498095778,0.7718732487410307,0.7718169170000238,0.7718203880000374,True,True,
insert,5,0,24,current_ef49,9,49,0.9522,1300.665213284518,0.7688373532146215,0.7687752900000078,0.7687786679999817,True,True,
delete,0,0,24,initial_ef48,0,48,0.9497,1310.5719079341143,0.763025663793087,0.7629417910000029,0.7629459660000748,True,True,
delete,0,0,24,initial_ef48,1,48,0.9497,1298.8515945169545,0.7699108999222517,0.7698843859999442,0.769887848000053,True,True,
delete,0,0,24,initial_ef48,2,48,0.9497,1298.2192892574974,0.77028588950634,0.7702026939999769,0.7702061979999826,True,True,
delete,0,0,24,initial_ef48,3,48,0.9497,1322.006892045308,0.7564257085323334,0.7563803049999933,0.7563839120000466,True,True,
delete,0,0,24,initial_ef48,4,48,0.9497,1305.3568635655247,0.7660740353167057,0.7659932239999989,0.7659965230000125,True,True,
delete,0,0,24,initial_ef48,5,48,0.9497,1324.3510611269921,0.7550867963582277,0.7550530529999833,0.7550565060000736,True,False,
delete,0,0,24,initial_ef48,6,48,0.9497,1319.8570584966283,0.7576578035950661,0.7576267169999937,0.7576301789999889,True,True,
delete,0,0,24,initial_ef48,7,48,0.9497,1327.9680090237657,0.7530301883816719,0.75289573200007,0.7528991759998007,False,False,SMT sibling busy or missing utilization interval
delete,0,0,24,initial_ef48,8,48,0.9497,1319.9922137630317,0.7575802262872458,0.7575204669999493,0.7575244490001296,True,True,
delete,0,0,24,initial_ef49,0,49,0.9522,1275.8101495347858,0.7838156800717115,0.7837397920000058,0.7837432420000141,True,True,
delete,0,0,24,initial_ef49,1,49,0.9522,1289.4192411516347,0.7755429483950138,0.7755056499999,0.7755090460000247,True,True,
delete,0,0,24,initial_ef49,2,49,0.9522,1284.3169088871914,0.7786240242421627,0.7785289639999746,0.7785320639999327,True,True,
delete,0,0,24,initial_ef49,3,49,0.9522,1272.8654748824893,0.7856289763003588,0.7855915549999963,0.7855949099999862,True,True,
delete,0,0,24,initial_ef49,4,49,0.9522,1299.26316654762,0.769667012616992,0.7696285279999984,0.769632005999938,True,True,
delete,0,0,24,initial_ef49,5,49,0.9522,1295.5026388711944,0.7719011679291725,0.7718287000000146,0.7718327189999172,False,False,frequency outside configured interval or unavailable
delete,0,0,24,initial_ef49,6,49,0.9522,1299.7176898476891,0.7693978529423475,0.7693645909999987,0.7693683649999912,True,True,
delete,0,0,24,initial_ef49,7,49,0.9522,1299.3614523141607,0.7696087937802076,0.7695272010000735,0.7695306030000211,True,False,
delete,0,0,24,initial_ef49,8,49,0.9522,1280.4851966662907,0.7809539716690779,0.7808665450002081,0.7808701559999918,True,True,
delete,0,0,24,current_ef48,0,48,0.9497,1313.6152130608957,0.7612579315900803,0.7612319359999447,0.7612350939999715,True,True,
delete,0,0,24,current_ef48,1,48,0.9497,1310.076114861057,0.7633144278079271,0.7632433060000494,0.7632470190000049,True,True,
delete,0,0,24,current_ef48,2,48,0.9497,1314.0380776782695,0.7610129546374083,0.7609781180000255,0.7609815649999518,True,True,
delete,0,0,24,current_ef48,3,48,0.9497,1309.071704224101,0.7639000955969095,0.7638161549999722,0.7638195559999303,True,True,
delete,0,0,24,current_ef48,4,48,0.9497,1321.1225986868255,0.7569320220500231,0.7568773350000129,0.7568808239999498,True,True,
delete,0,0,24,current_ef48,5,48,0.9497,1315.2180296063461,0.7603302095085382,0.7602511029999732,0.7602553360000002,True,False,
delete,0,0,24,current_ef48,6,48,0.9497,1328.3001662018935,0.7528418842703104,0.7528054979999297,0.7528089819999195,True,True,
delete,0,0,24,current_ef48,7,48,0.9497,1316.2020070665023,0.7597617954015732,0.7597202419999576,0.7597239530000479,True,False,
delete,0,0,24,current_ef48,8,48,0.9497,1312.0868222410195,0.7621446866542101,0.7619989629999964,0.7620023970000602,True,True,
delete,0,0,24,current_ef49,0,49,0.9522,1282.2010133447602,0.7799089141190052,0.7798560889999635,0.7798598859999402,True,True,
delete,0,0,24,current_ef49,1,49,0.9522,1281.4158894259713,0.7803867645561695,0.7803040830000327,0.7803078480000067,True,True,
delete,0,0,24,current_ef49,2,49,0.9522,1304.236074418121,0.766732357442379,0.7666575460000331,0.7666609440000229,True,True,
delete,0,0,24,current_ef49,3,49,0.9522,1287.0130807983364,0.7769928798079491,0.7769677909999473,0.776971241999945,True,True,
delete,0,0,24,current_ef49,4,49,0.9522,1291.81687458197,0.7741035278886557,0.774069410999914,0.7740726939999831,True,True,
delete,0,0,24,current_ef49,5,49,0.9522,1281.7376187064895,0.7801908794790506,0.7801568339999676,0.7801602270000103,True,False,
delete,0,0,24,current_ef49,6,49,0.9522,1284.1611275397283,0.7787184789776802,0.7786448770000334,0.7786482960000285,True,True,
delete,0,0,24,current_ef49,7,49,0.9522,1302.761605555259,0.7676001470535994,0.7675071950000074,0.767510970000103,True,False,
delete,0,0,24,current_ef49,8,49,0.9522,1284.3946232246724,0.7785769123584032,0.7785044730001118,0.7785080330002074,True,True,
delete,1,0,24,initial_ef48,0,48,0.9497,1338.0685264984224,0.7473458796739578,0.7473240869999245,0.7473279859998456,True,True,
delete,1,0,24,initial_ef48,1,48,0.9497,1326.130166745289,0.7540737893432379,0.7540417830000479,0.7540458529999796,True,True,
delete,1,0,24,initial_ef48,2,48,0.9497,1328.8018199962723,0.7525576688349247,0.7525356809999266,0.7525394869999218,True,True,
delete,1,0,24,initial_ef48,3,48,0.9497,1333.665380762074,0.7498132698237896,0.7497840720000113,0.7497877610001069,True,True,
delete,1,0,24,initial_ef48,4,48,0.9497,1314.1268095875075,0.7609615698456764,0.7609405010000501,0.760945005999929,True,True,
delete,1,0,24,initial_ef48,5,48,0.9497,1310.174249731102,0.7632572539150715,0.7632251600000473,0.7632288229999631,True,True,
delete,1,0,24,initial_ef48,6,48,0.9497,1333.326141078327,0.7500040456652641,0.7499737020000339,0.7499769280000237,True,True,
delete,1,0,24,initial_ef49,0,49,0.9522,1307.5157405088216,0.7648091483861208,0.7647790560001795,0.7647826579998309,True,True,
delete,1,0,24,initial_ef49,1,49,0.9522,1300.0060332846504,0.7692271992564201,0.7691984789998969,0.7692021769998973,True,True,
delete,1,0,24,initial_ef49,2,49,0.9522,1292.792826721931,0.7735191434621811,0.7734762359998513,0.7734802359998412,True,True,
delete,1,0,24,initial_ef49,3,49,0.9522,1303.6133815672945,0.7670986000448465,0.7670666009998968,0.7670693969998865,True,True,
delete,1,0,24,initial_ef49,4,49,0.9522,1287.3569449595211,0.7767853382974863,0.7767473910000717,0.7767510000001039,True,True,
delete,1,0,24,initial_ef49,5,49,0.9522,1282.4040213993017,0.7797854524105787,0.7797061209998901,0.7797098340001867,True,True,
delete,1,0,24,initial_ef49,6,49,0.9522,1299.4866705974819,0.7695346344262362,0.7695045830000709,0.7695085140001083,True,True,
delete,1,0,24,current_ef24,0,24,0.9477,1422.801828905857,0.7028385680168867,0.7028128960000686,0.7028165140000056,True,True,
delete,1,0,24,current_ef24,1,24,0.9477,1416.0317953789079,0.7061988320201635,0.7061694020001141,0.7061734670000988,True,True,
delete,1,0,24,current_ef24,2,24,0.9477,1416.462176341007,0.7059842590242624,0.7059650799999417,0.7059693310000057,True,True,
delete,1,0,24,current_ef24,3,24,0.9477,1405.3565487324702,0.7115631978958845,0.7115321420001237,0.7115366010000344,True,True,
delete,1,0,24,current_ef24,4,24,0.9477,1396.3111351900777,0.7161727603524923,0.7161325399999896,0.7161357259999477,True,True,
delete,1,0,24,current_ef24,5,24,0.9477,1417.4251008062586,0.7055046502500772,0.7054852660000961,0.7054890809999961,True,True,
delete,1,0,24,current_ef24,6,24,0.9477,1404.1538984896142,0.7121726479381323,0.7121440369999164,0.7121482860000015,True,True,
delete,1,0,24,current_ef25,0,25,0.9511,1365.760056938363,0.7321930341422558,0.7321625959998528,0.7321662069998638,True,True,
delete,1,0,24,current_ef25,1,25,0.9511,1353.7072035966578,0.7387121804058552,0.738680284000111,0.7386831060000532,True,True,
delete,1,0,24,current_ef25,2,25,0.9511,1333.739523615196,0.7497715875506401,0.7497376240000904,0.7497403309998845,True,True,
delete,1,0,24,current_ef25,3,25,0.9511,1350.886013220926,0.74025490693748,0.7402110530001664,0.7402145810001457,True,True,
delete,1,0,24,current_ef25,4,25,0.9511,1340.8214447071657,0.7458114605396986,0.7457796010000948,0.7457834419999472,True,True,
delete,1,0,24,current_ef25,5,25,0.9511,1340.7753050061967,0.7458371259272099,0.7458062260000133,0.7458101229999556,True,True,
delete,1,0,24,current_ef25,6,25,0.9511,1369.8126474446306,0.7300268411636353,0.7299995519999811,0.7300026180000714,True,True,
delete,2,0,24,initial_ef48,0,48,0.9497,1330.2150913291196,0.7517581228166819,0.7517386560000432,0.7517423790000066,True,True,
delete,2,0,24,initial_ef48,1,48,0.9497,1328.539039599134,0.7527065221220255,0.7526785719999225,0.7526819429999705,True,True,
delete,2,0,24,initial_ef48,2,48,0.9497,1311.3717254945236,0.7625602874904871,0.7625417459998971,0.7625457520000509,True,True,
delete,2,0,24,initial_ef48,3,48,0.9497,1338.667167513399,0.7470116727054119,0.7469850120000956,0.7469883349999691,True,True,
delete,2,0,24,initial_ef48,4,48,0.9497,1326.7363902066772,0.7537292316555977,0.7536979470000915,0.7537017419999756,True,False,
delete,2,0,24,initial_ef48,5,48,0.9497,1331.127055208259,0.7512430883944035,0.7512082069999906,0.7512120740000228,True,True,
delete,2,0,24,initial_ef48,6,48,0.9497,1331.4374065894222,0.751067977398634,0.7510413259999495,0.7510492400001567,True,True,
delete,2,0,24,initial_ef48,7,48,0.9497,1319.3474630151559,0.757950447499752,0.7578255959999751,0.7578295939999862,True,True,
delete,2,0,24,initial_ef49,0,49,0.9522,1286.2787042301386,0.7774364892393351,0.7773555710000437,0.7773589969999648,True,True,
delete,2,0,24,initial_ef49,1,49,0.9522,1297.5902023842589,0.7706593330949545,0.7706404150001163,0.7706439969999792,True,True,
delete,2,0,24,initial_ef49,2,49,0.9522,1287.6815999558332,0.7765894923359156,0.7765496950000852,0.7765522880001754,True,True,
delete,2,0,24,initial_ef49,3,49,0.9522,1292.9045735720201,0.7734522875398397,0.7734167660000821,0.7734203630000138,True,True,
delete,2,0,24,initial_ef49,4,49,0.9522,1295.619766712096,0.7718313857913017,0.7717768919999344,0.7717800840000564,False,False,frequency outside configured interval or unavailable
delete,2,0,24,initial_ef49,5,49,0.9522,1292.1335298490353,0.7739138230681419,0.773885147999863,0.7738885290000326,True,True,
delete,2,0,24,initial_ef49,6,49,0.9522,1291.2309214654063,0.7744548115879297,0.7744207529999585,0.7744242640001175,True,True,
delete,2,0,24,initial_ef49,7,49,0.9522,1279.9673897468404,0.7812699042260647,0.7811660290001328,0.7811699400001544,True,True,
delete,2,0,24,current_ef19,0,19,0.9497,1452.2450096200823,0.6885890420526266,0.6885722460001489,0.6885765269998956,True,True,
delete,2,0,24,current_ef19,1,19,0.9497,1474.6993732221051,0.6781043093651533,0.6780775320000885,0.678081278000036,True,True,
delete,2,0,24,current_ef19,2,19,0.9497,1467.9740862204271,0.6812109351158142,0.6811939339997934,0.6811982510000689,True,True,
delete,2,0,24,current_ef19,3,19,0.9497,1471.0225933446668,0.6797992121428251,0.6797590440000931,0.6797630129999561,True,True,
delete,2,0,24,current_ef19,4,19,0.9497,1457.7132764393589,0.6860059630125761,0.6859801419998348,0.6859837330000573,True,False,
delete,2,0,24,current_ef19,5,19,0.9497,1480.881645487505,0.6752734109759331,0.6752463689999786,0.6752501650000795,True,True,
delete,2,0,24,current_ef19,6,19,0.9497,1464.6559919806382,0.6827541794627905,0.6827280940001401,0.6827321060000031,True,True,
delete,2,0,24,current_ef19,7,19,0.9497,1465.4376235134484,0.6823900137096643,0.6823635459998059,0.682367172000113,True,True,
delete,2,0,24,current_ef20,0,20,0.9526,1387.732083560628,0.7206001877784729,0.720570743000053,0.7205738879999899,True,True,
delete,2,0,24,current_ef20,1,20,0.9526,1403.9009174873208,0.712300980463624,0.7122764930002177,0.7122795760001281,True,True,
delete,2,0,24,current_ef20,2,20,0.9526,1403.0653823097614,0.7127251606434584,0.7126988879999772,0.7127021200001309,True,True,
delete,2,0,24,current_ef20,3,20,0.9526,1391.80989591617,0.7184889279305935,0.7184716780000144,0.7184752409998509,True,True,
delete,2,0,24,current_ef20,4,20,0.9526,1392.4145671977137,0.7181769162416458,0.7181425410001339,0.7181458390000444,True,False,
delete,2,0,24,current_ef20,5,20,0.9526,1393.8274192650392,0.7174489367753267,0.7174162720000368,0.717420415999868,True,True,
delete,2,0,24,current_ef20,6,20,0.9526,1379.9030781083034,0.7246885783970356,0.7246185230001174,0.7246221170000808,True,True,
delete,2,0,24,current_ef20,7,20,0.9526,1393.5611148502167,0.717586038634181,0.7175606880000487,0.7175642229999539,True,True,
delete,3,0,24,initial_ef48,0,48,0.9497,1319.7107777636759,0.7577417846769094,0.7576985259997855,0.7577029379999658,True,True,
delete,3,0,24,initial_ef48,1,48,0.9497,1321.2736507046432,0.7568454872816801,0.7568188600000667,0.7568231639997975,True,True,
delete,3,0,24,initial_ef48,2,48,0.9497,1307.4804267624254,0.7648298051208258,0.7647959589999118,0.7647998330000974,True,True,
delete,3,0,24,initial_ef48,3,48,0.9497,1318.5651860095743,0.7584001235663891,0.7583190519999334,0.7583230090001507,True,True,
delete,3,0,24,initial_ef48,4,48,0.9497,1332.3942749656355,0.7505285926163197,0.7504534519998742,0.7504581149999012,True,True,
delete,3,0,24,initial_ef48,5,48,0.9497,1324.5727445976258,0.754960423335433,0.7548621099999764,0.7548655100001724,True,True,
delete,3,0,24,initial_ef48,6,48,0.9497,1293.0218050812402,0.7733821626752615,0.7733543029999055,0.7733578879999641,True,True,
delete,3,0,24,initial_ef49,0,49,0.9522,1296.9187172509828,0.7710583452135324,0.7710409010001058,0.7710446359999423,True,True,
delete,3,0,24,initial_ef49,1,49,0.9522,1290.9820537207338,0.7746041063219309,0.7745589680000649,0.7745627710000917,True,True,
delete,3,0,24,initial_ef49,2,49,0.9522,1285.3270985518468,0.7780120726674795,0.777974132999816,0.7779786830001285,True,True,
delete,3,0,24,initial_ef49,3,49,0.9522,1290.9746374736471,0.7746085561811924,0.7745907500000158,0.7745947389998946,True,True,
delete,3,0,24,initial_ef49,4,49,0.9522,1300.1194808911457,0.7691600769758224,0.7691324649999842,0.7691360280000481,True,True,
delete,3,0,24,initial_ef49,5,49,0.9522,1294.526794041711,0.7724830452352762,0.7724016520000987,0.7724057259999881,True,True,
delete,3,0,24,initial_ef49,6,49,0.9522,1283.4998326100265,0.7791196964681149,0.7790748020001956,0.7790780989998893,True,True,
delete,3,0,24,current_ef16,0,16,0.9472,1608.3395988779635,0.6217592358589172,0.6217217430000801,0.6217271689999961,True,True,
delete,3,0,24,current_ef16,1,16,0.9472,1579.5761512480713,0.6330812219530344,0.6330054420000124,0.6330091140000604,True,True,
delete,3,0,24,current_ef16,2,16,0.9472,1604.5481281311827,0.6232284232974052,0.6232158249999884,0.6232198029999836,True,True,
delete,3,0,24,current_ef16,3,16,0.9472,1578.7607051524315,0.6334082148969173,0.6333856709998145,0.6333892350000951,True,True,
delete,3,0,24,current_ef16,4,16,0.9472,1596.149126936571,0.6265078764408827,0.6264788010000757,0.6264817409999068,True,True,
delete,3,0,24,current_ef16,5,16,0.9472,1599.4263894175,0.6252241469919682,0.6252054180001778,0.6252086290000989,True,True,
delete,3,0,24,current_ef16,6,16,0.9472,1589.2508979287843,0.6292272675782442,0.6291970740001034,0.6292010949998712,True,True,
delete,3,0,24,current_ef17,0,17,0.9519,1505.53711251344,0.6642147786915302,0.664192445000026,0.6641959599999154,True,True,
delete,3,0,24,current_ef17,1,17,0.9519,1487.240341960815,0.6723862793296576,0.672371301999874,0.6723748360000172,True,True,
delete,3,0,24,current_ef17,2,17,0.9519,1504.9062714672398,0.6644932106137276,0.6644263939999746,0.6644300979999116,True,True,
delete,3,0,24,current_ef17,3,17,0.9519,1479.4025638804485,0.6759485378861427,0.6758743590000904,0.6758786189998318,True,True,
delete,3,0,24,current_ef17,4,17,0.9519,1491.3299534430396,0.6705424226820469,0.6705283230000987,0.6705315540000356,True,True,
delete,3,0,24,current_ef17,5,17,0.9519,1511.3120034809633,0.6616767402738333,0.6616542760000357,0.6616578929999832,True,True,
delete,3,0,24,current_ef17,6,17,0.9519,1487.097747522044,0.672450752928853,0.6724091210001006,0.6724126809999689,True,True,
delete,4,0,24,initial_ef48,0,48,0.9497,1312.1851431310313,0.7620875798165798,0.7620481449998806,0.7620523600000979,True,True,
delete,4,0,24,initial_ef48,1,48,0.9497,1311.7361856263024,0.7623484134674072,0.7623238199998923,0.7623270690000936,True,True,
delete,4,0,24,initial_ef48,2,48,0.9497,1332.2087780292502,0.7506330963224173,0.7506087659999139,0.7506122480001522,True,True,
delete,4,0,24,initial_ef48,3,48,0.9497,1336.0962417105313,0.7484490778297186,0.7484251240000503,0.7484291020000455,True,True,
delete,4,0,24,initial_ef48,4,48,0.9497,1328.65585495497,0.7526403442025185,0.7526171619999786,0.7526211780000267,True,True,
delete,4,0,24,initial_ef48,5,48,0.9497,1305.4134909721536,0.7660408038645983,0.7660004750000553,0.7660038520000398,True,False,
delete,4,0,24,initial_ef48,6,48,0.9497,1323.6363870537975,0.7554944921284914,0.7554729510000016,0.7554767009999068,True,True,
delete,4,0,24,initial_ef48,7,48,0.9497,1290.4268128406632,0.7749374005943537,0.7749134400000912,0.7749166720000176,False,False,SMT sibling busy or missing utilization interval
delete,4,0,24,initial_ef48,8,48,0.9497,1294.4026233786299,0.7725571487098932,0.7725345950000246,0.7725384379998559,False,False,SMT sibling busy or missing utilization interval
delete,4,0,24,initial_ef48,9,48,0.9497,1313.1833248088385,0.7615082990378141,0.7614863159999459,0.7614897019998352,True,True,
delete,4,0,24,initial_ef49,0,49,0.9522,1295.4176544097904,0.7719518076628447,0.7719296330001271,0.771933615999842,True,True,
delete,4,0,24,initial_ef49,1,49,0.9522,1267.492631081108,0.7889592219144106,0.7889135650000298,0.7889168679998875,True,True,
delete,4,0,24,initial_ef49,2,49,0.9522,1300.9158175429059,0.7686892468482256,0.7686664810000821,0.768669705000093,True,True,
delete,4,0,24,initial_ef49,3,49,0.9522,1306.387354855701,0.7654697485268116,0.76544544699982,0.7654494480000267,True,True,
delete,4,0,24,initial_ef49,4,49,0.9522,1300.4279414849743,0.7689776327461004,0.7689530519999153,0.7689575209999475,True,True,
delete,4,0,24,initial_ef49,5,49,0.9522,1298.9067161364112,0.769878227263689,0.7698556780001127,0.7698594539999704,True,False,
delete,4,0,24,initial_ef49,6,49,0.9522,1290.8595180725424,0.7746776361018419,0.7746435239998846,0.774646789000144,True,True,
delete,4,0,24,initial_ef49,7,49,0.9522,1271.4663237735572,0.7864935006946325,0.7864687670000876,0.7864724629998818,False,False,SMT sibling busy or missing utilization interval
delete,4,0,24,initial_ef49,8,49,0.9522,1292.2632563510454,0.7738361321389675,0.7738106850001714,0.7738140639999074,True,False,
delete,4,0,24,initial_ef49,9,49,0.9522,1292.5390622423179,0.7736710086464882,0.7736569779999627,0.7736606440000742,True,True,
delete,4,0,24,current_ef15,0,15,0.9479,1584.6530776390168,0.6310529503971338,0.6310160220000398,0.6310195050000402,True,True,
delete,4,0,24,current_ef15,1,15,0.9479,1594.0585432363544,0.6273295320570469,0.6273075519998201,0.6273119920001591,True,True,
delete,4,0,24,current_ef15,2,15,0.9479,1590.8698219693251,0.6285869441926479,0.6285642870000174,0.628568623999854,True,True,
delete,4,0,24,current_ef15,3,15,0.9479,1613.0657072773338,0.6199375484138727,0.6199105159998908,0.619914504999997,True,True,
delete,4,0,24,current_ef15,4,15,0.9479,1581.9947981404941,0.6321133300662041,0.6320907509998506,0.6320941330000096,True,True,
delete,4,0,24,current_ef15,5,15,0.9479,1576.723117597133,0.6342267636209726,0.634215549000146,0.6342193279999719,True,False,
delete,4,0,24,current_ef15,6,15,0.9479,1578.7147028132035,0.6334266718477011,0.6334056220000548,0.6334094080000341,True,True,
delete,4,0,24,current_ef15,7,15,0.9479,1561.5433459971016,0.6403920855373144,0.6403585130001375,0.6403616740001326,True,False,
delete,4,0,24,current_ef15,8,15,0.9479,1594.3819453346941,0.6272022854536772,0.6271845400001439,0.627188316999991,True,False,
delete,4,0,24,current_ef15,9,15,0.9479,1596.119805363083,0.6265193857252598,0.6264999200000148,0.6265033159997984,True,True,
delete,4,0,24,current_ef16,0,16,0.9535,1490.5355567309648,0.6708997953683138,0.6708314869999867,0.6708349250000083,True,True,
delete,4,0,24,current_ef16,1,16,0.9535,1494.4485146951777,0.669143158942461,0.6690834099999847,0.6690867309998794,True,True,
delete,4,0,24,current_ef16,2,16,0.9535,1506.850963579412,0.6636356376111507,0.6636146959999678,0.6636186700000053,True,True,
delete,4,0,24,current_ef16,3,16,0.9535,1489.0673362250393,0.6715613026171923,0.6715327239999169,0.6715364340000178,True,True,
delete,4,0,24,current_ef16,4,16,0.9535,1488.7127828121063,0.6717212423682213,0.6717081229999167,0.6717118679998748,True,True,
delete,4,0,24,current_ef16,5,16,0.9535,1480.5771127386115,0.6754123046994209,0.6753378010000688,0.6753409699999793,False,False,SMT sibling busy or missing utilization interval
delete,4,0,24,current_ef16,6,16,0.9535,1489.6636161194187,0.6712924912571907,0.6712708009999915,0.671274239000013,True,True,
delete,4,0,24,current_ef16,7,16,0.9535,1458.594658998783,0.6855914313346148,0.6855790859999615,0.6855831119999038,True,False,
delete,4,0,24,current_ef16,8,16,0.9535,1487.0129181642346,0.6724891141057014,0.6724691019999227,0.6724726930001452,True,False,
delete,4,0,24,current_ef16,9,16,0.9535,1483.835530254416,0.6739291381090879,0.6738841970000067,0.6738877810000758,True,True,
delete,5,0,24,initial_ef48,0,48,0.9497,1339.3062360079944,0.7466552257537842,0.7466352479998477,0.7466394220000439,True,True,
delete,5,0,24,initial_ef48,1,48,0.9497,1341.2696930962952,0.7455622125416994,0.7455197049998787,0.7455234799999744,True,True,
delete,5,0,24,initial_ef48,2,48,0.9497,1342.074467030267,0.7451151367276907,0.7450912409999546,0.745094454999844,True,True,
delete,5,0,24,initial_ef48,3,48,0.9497,1324.8882763027732,0.7547806240618229,0.754767498000092,0.7547707039998386,True,True,
delete,5,0,24,initial_ef48,4,48,0.9497,1337.7197069822987,0.7475407551974058,0.74750468000002,0.7475088779999624,True,True,
delete,5,0,24,initial_ef48,5,48,0.9497,1347.1526582909964,0.7423063702881336,0.742253496000103,0.7422564500000135,True,True,
delete,5,0,24,initial_ef48,6,48,0.9497,1326.5453819751622,0.7538377605378628,0.7538083350000306,0.7538122859998566,True,True,
delete,5,0,24,initial_ef49,0,49,0.9522,1298.6605166925694,0.7700241804122925,0.7699997810000241,0.7700029969998923,True,True,
delete,5,0,24,initial_ef49,1,49,0.9522,1300.8511038983556,0.7687274869531393,0.7687056449999545,0.768709188999992,True,True,
delete,5,0,24,initial_ef49,2,49,0.9522,1303.4271469101077,0.7672082036733627,0.7671937970001181,0.7671973889998753,True,True,
delete,5,0,24,initial_ef49,3,49,0.9522,1318.140840080983,0.7586442735046148,0.758611664,0.7586152280000533,True,True,
delete,5,0,24,initial_ef49,4,49,0.9522,1312.0245515210554,0.7621808592230082,0.7621494469999561,0.7621537079999143,True,True,
delete,5,0,24,initial_ef49,5,49,0.9522,1316.8600044452871,0.759382164105773,0.7593493490001038,0.7593535389999033,True,True,
delete,5,0,24,initial_ef49,6,49,0.9522,1308.89746892324,0.7640017829835415,0.7639798000000155,0.7639835369998309,True,True,
delete,5,0,24,current_ef13,0,13,0.9448,1768.5467322732802,0.5654360055923462,0.5654265979999309,0.5654304070001217,True,True,
delete,5,0,24,current_ef13,1,13,0.9448,1746.4821807477588,0.5725795608013868,0.5725705219999782,0.5725746739999522,True,True,
delete,5,0,24,current_ef13,2,13,0.9448,1775.5327119891078,0.5632112510502338,0.56319001199995,0.5631937930002096,True,True,
delete,5,0,24,current_ef13,3,13,0.9448,1792.0237816876736,0.5580283086746931,0.558019639999884,0.5580228439998791,True,True,
delete,5,0,24,current_ef13,4,13,0.9448,1758.8390365089115,0.5685568600893021,0.5685477409999748,0.5685515940001551,True,True,
delete,5,0,24,current_ef13,5,13,0.9448,1799.3345030859002,0.555761031806469,0.5557518979999259,0.5557549790000849,True,True,
delete,5,0,24,current_ef13,6,13,0.9448,1796.2391726520432,0.556718735024333,0.5567103239998232,0.5567139130000669,True,True,
delete,5,0,24,current_ef14,0,14,0.9511,1675.5995265071579,0.5968013145029545,0.5967844660001447,0.5967882190000182,True,True,
delete,5,0,24,current_ef14,1,14,0.9511,1662.321279053158,0.60156842879951,0.6015510160000304,0.6015555369999674,True,True,
delete,5,0,24,current_ef14,2,14,0.9511,1633.998237730705,0.6119957640767097,0.6119546969998737,0.611958032000075,True,True,
delete,5,0,24,current_ef14,3,14,0.9511,1640.5019481916815,0.6095695290714502,0.6094986130001416,0.6095023160000892,True,True,
delete,5,0,24,current_ef14,4,14,0.9511,1673.764324238716,0.5974556785076857,0.5974371820000215,0.5974408319998474,True,True,
delete,5,0,24,current_ef14,5,14,0.9511,1678.8030586991163,0.5956624839454889,0.595640603999982,0.5956441989999348,True,True,
delete,5,0,24,current_ef14,6,14,0.9511,1659.238256189203,0.6026862002909184,0.6026681559999361,0.6026723139998467,True,True,
point_update,0,0,24,initial_ef40,0,40,0.9484,1612.4345726132549,0.6201802026480436,0.6201368580000235,0.620140592000098,True,True,
point_update,0,0,24,initial_ef40,1,40,0.9484,1627.5096518764376,0.6144356802105904,0.6144260650000888,0.6144302689999677,True,True,
point_update,0,0,24,initial_ef40,2,40,0.9484,1613.3370831454197,0.6198332700878382,0.6197495730000355,0.6197532230000888,True,True,
point_update,0,0,24,initial_ef40,3,40,0.9484,1624.1151518828997,0.6157198883593082,0.6156318230000579,0.6156358749999526,True,False,
point_update,0,0,24,initial_ef40,4,40,0.9484,1617.601689242482,0.6181991565972567,0.6181238070000745,0.6181277230000433,True,True,
point_update,0,0,24,initial_ef40,5,40,0.9484,1623.57831255917,0.6159234773367643,0.6159010649998891,0.6159041209998577,True,False,
point_update,0,0,24,initial_ef40,6,40,0.9484,1619.8848564856628,0.6173278279602528,0.6173087330000726,0.6173118589999831,True,True,
point_update,0,0,24,initial_ef40,7,40,0.9484,1616.0139993826547,0.6188065204769373,0.618760175000034,0.6187634689999868,True,True,
point_update,0,0,24,initial_ef40,8,40,0.9484,1611.2898322132926,0.6206208094954491,0.6206022710000525,0.6206056020000688,True,False,
point_update,0,0,24,initial_ef40,9,40,0.9484,1610.1276560613137,0.6210687682032585,0.6210482120000052,0.6210517280001113,True,True,
point_update,0,0,24,initial_ef41,0,41,0.9509,1569.441936079133,0.6371691599488258,0.6371584290000101,0.6371629369998573,True,True,
point_update,0,0,24,initial_ef41,1,41,0.9509,1579.7275598833708,0.633020544424653,0.633011192999902,0.6330158660000507,True,True,
point_update,0,0,24,initial_ef41,2,41,0.9509,1578.3577732546253,0.6335699148476124,0.6335083339999983,0.6335116769998876,True,True,
point_update,0,0,24,initial_ef41,3,41,0.9509,1574.3858822655727,0.6351682972162962,0.6351580580001155,0.6351616130000366,True,False,
point_update,0,0,24,initial_ef41,4,41,0.9509,1576.1812041795497,0.6344448197633028,0.634434500999987,0.6344378440001037,True,True,
point_update,0,0,24,initial_ef41,5,41,0.9509,1585.9050614865575,0.6305547691881657,0.6305204980001236,0.6305248539999866,True,False,
point_update,0,0,24,initial_ef41,6,41,0.9509,1574.692995149363,0.6350444201380014,0.6350336430000425,0.6350371979999636,True,True,
point_update,0,0,24,initial_ef41,7,41,0.9509,1584.5492990384562,0.6310942806303501,0.6310497730000861,0.631052574000023,True,True,
point_update,0,0,24,initial_ef41,8,41,0.9509,1577.0636172258928,0.6340898294001818,0.6340696970000863,0.6340726030000496,True,False,
point_update,0,0,24,initial_ef41,9,41,0.9509,1589.6101407734523,0.6290850657969713,0.6289951720000317,0.6289989459999106,True,True,
point_update,0,0,24,current_ef40,0,40,0.9484,1631.4494468213065,0.6129518765956163,0.6129327940000167,0.6129367850001017,True,True,
point_update,0,0,24,current_ef40,1,40,0.9484,1616.70950436177,0.6185403112322092,0.6185019609999927,0.6185060310001518,True,True,
point_update,0,0,24,current_ef40,2,40,0.9484,1622.8294300286739,0.6162077058106661,0.6161529519999931,0.6161572490000253,True,True,
point_update,0,0,24,current_ef40,3,40,0.9484,1611.8379020485365,0.620409781113267,0.6203561849999915,0.6203596430000289,False,False,frequency outside configured interval or unavailable
point_update,0,0,24,current_ef40,4,40,0.9484,1635.609535727232,0.6113928649574518,0.6113832959999854,0.6113864569999805,True,True,
point_update,0,0,24,current_ef40,5,40,0.9484,1594.5006308093,0.6271556001156569,0.6270958000000064,0.627099385000065,True,False,
point_update,0,0,24,current_ef40,6,40,0.9484,1595.5240833307405,0.6267533097416162,0.6266843589999098,0.6266880340001535,True,True,
point_update,0,0,24,current_ef40,7,40,0.9484,1614.4284230480182,0.6194142680615187,0.6193974620000517,0.6194010310000522,True,True,
point_update,0,0,24,current_ef40,8,40,0.9484,1618.347431729914,0.6179142873734236,0.6178982989999895,0.6179015099999106,False,False,frequency outside configured interval or unavailable
point_update,0,0,24,current_ef40,9,40,0.9484,1624.3535061638252,0.6156295388936996,0.6156008370001018,0.6156047039999066,True,True,
point_update,0,0,24,current_ef41,0,41,0.9509,1577.749485875303,0.6338141821324825,0.6337912100000267,0.6337946399999055,True,True,
point_update,0,0,24,current_ef41,1,41,0.9509,1589.2609750684312,0.6292232777923346,0.6291865519999646,0.6291900689998329,True,True,
point_update,0,0,24,current_ef41,2,41,0.9509,1576.8239515952905,0.6341862063854933,0.6341653459999179,0.6341688540001087,True,True,
point_update,0,0,24,current_ef41,3,41,0.9509,1579.8149900220112,0.6329855117946863,0.6329660970000077,0.6329699289999553,True,False,
point_update,0,0,24,current_ef41,4,41,0.9509,1589.2761239501835,0.629217280074954,0.6291974820001087,0.6292009769999822,True,True,
point_update,0,0,24,current_ef41,5,41,0.9509,1593.0438991495462,0.6277290917932987,0.627673022999943,0.6276766689998112,False,False,frequency outside configured interval or unavailable
point_update,0,0,24,current_ef41,6,41,0.9509,1570.6986737690318,0.6366593521088362,0.6366341999998895,0.6366380000001755,True,True,
point_update,0,0,24,current_ef41,7,41,0.9509,1569.979568835805,0.6369509641081095,0.6369244620000245,0.6369288449998294,True,True,
point_update,0,0,24,current_ef41,8,41,0.9509,1578.2396831821284,0.6336173210293055,0.6335784200000489,0.6335817829999542,True,False,
point_update,0,0,24,current_ef41,9,41,0.9509,1582.7017417209963,0.6318309847265482,0.6318205950001357,0.6318240289999721,True,True,
point_update,1,0,24,initial_ef40,0,40,0.9484,1609.7906577656363,0.6211987845599651,0.6211897210000643,0.6211934160000965,True,False,
point_update,1,0,24,initial_ef40,1,40,0.9484,1615.8984464676932,0.6188507713377476,0.6187261740001304,0.6187298239999564,True,True,
point_update,1,0,24,initial_ef40,2,40,0.9484,1635.2124286337987,0.6115413401275873,0.6115035440000156,0.6115073070000108,True,True,
point_update,1,0,24,initial_ef40,3,40,0.9484,1624.8807570568902,0.6154297757893801,0.6154136089999156,0.6154178990000219,True,True,
point_update,1,0,24,initial_ef40,4,40,0.9484,1613.4664240467523,0.6197835821658373,0.6197566730002109,0.6197607220001373,True,True,
point_update,1,0,24,initial_ef40,5,40,0.9484,1618.968465381292,0.6176772564649582,0.6176675199999409,0.61767023099992,True,True,
point_update,1,0,24,initial_ef40,6,40,0.9484,1604.3645718665218,0.623299727216363,0.6232555819999561,0.6232592619999195,True,True,
point_update,1,0,24,initial_ef40,7,40,0.9484,1622.9144502537256,0.6161754243075848,0.6161551789998612,0.616158741000163,True,True,
point_update,1,0,24,initial_ef41,0,41,0.9509,1590.1480427178906,0.6288722641766071,0.6288529319999725,0.6288573379999889,True,False,
point_update,1,0,24,initial_ef41,1,41,0.9509,1570.3498652650762,0.6368007678538561,0.6367829759999495,0.6367864160001773,True,True,
point_update,1,0,24,initial_ef41,2,41,0.9509,1586.202766318507,0.6304364241659641,0.630418766000048,0.6304220570000325,True,True,
point_update,1,0,24,initial_ef41,3,41,0.9509,1586.3321426914433,0.6303850077092648,0.6303661259998989,0.6303692300000421,True,True,
point_update,1,0,24,initial_ef41,4,41,0.9509,1575.5126675821941,0.6347140334546566,0.63470494399985,0.6347082419999879,True,True,
point_update,1,0,24,initial_ef41,5,41,0.9509,1588.4669618280443,0.6295378021895885,0.6295289590000266,0.6295329290001064,True,True,
point_update,1,0,24,initial_ef41,6,41,0.9509,1595.1717036137443,0.6268917620182037,0.6268823240000074,0.6268857359998492,True,True,
point_update,1,0,24,initial_ef41,7,41,0.9509,1599.0669211512006,0.6253646966069937,0.6253556149999895,0.6253594219999741,True,True,
point_update,1,0,24,current_ef24,0,24,0.9464,1637.349608846056,0.6107431147247553,0.6107246269998541,0.6107283100000132,False,False,frequency outside configured interval or unavailable
point_update,1,0,24,current_ef24,1,24,0.9464,1637.9924414070654,0.6105034276843071,0.6104665679999925,0.6104702319998978,True,True,
point_update,1,0,24,current_ef24,2,24,0.9464,1661.957311664867,0.60170017182827,0.6016802699998607,0.6016838529999404,True,True,
point_update,1,0,24,current_ef24,3,24,0.9464,1660.8713542409005,0.6020935922861099,0.6020736949999446,0.6020777960000032,True,True,
point_update,1,0,24,current_ef24,4,24,0.9464,1606.9681723592935,0.6222898606210947,0.6222705950001455,0.6222741309998128,True,True,
point_update,1,0,24,current_ef24,5,24,0.9464,1656.1378540315638,0.6038144696503878,0.6037825030000477,0.6037859730001855,True,True,
point_update,1,0,24,current_ef24,6,24,0.9464,1618.570574187923,0.6178290992975235,0.6178086019999682,0.6178126770000745,True,True,
point_update,1,0,24,current_ef24,7,24,0.9464,1669.8062279738247,0.5988718830049038,0.5988421689999086,0.5988466629999039,True,True,
point_update,1,0,24,current_ef25,0,25,0.9513,1584.7153728420533,0.6310281436890364,0.6310185340000771,0.6310223809998661,True,False,
point_update,1,0,24,current_ef25,1,25,0.9513,1572.7189873229051,0.6358415000140667,0.6358321650000107,0.6358355270001539,True,True,
point_update,1,0,24,current_ef25,2,25,0.9513,1590.166943490861,0.6288647893816233,0.6288468640000247,0.6288504269998612,True,True,
point_update,1,0,24,current_ef25,3,25,0.9513,1581.4896918873178,0.6323152184486389,0.6322955480000019,0.6322990329999811,True,True,
point_update,1,0,24,current_ef25,4,25,0.9513,1580.8810274722775,0.6325586698949337,0.6325383580001471,0.6325420079999731,True,True,
point_update,1,0,24,current_ef25,5,25,0.9513,1568.0659173637355,0.6377282924950123,0.6377083519998905,0.6377119700000549,True,True,
point_update,1,0,24,current_ef25,6,25,0.9513,1583.9635596771825,0.6313276551663876,0.6313105429999268,0.6313140969998585,True,True,
point_update,1,0,24,current_ef25,7,25,0.9513,1607.0650178361852,0.6222523599863052,0.6222331959997973,0.622237092999967,True,True,
point_update,2,0,24,initial_ef40,0,40,0.9484,1605.6601063039873,0.6227968148887157,0.6227883120000115,0.6227915229999326,True,False,
point_update,2,0,24,initial_ef40,1,40,0.9484,1586.3642744599783,0.6303722392767668,0.6303641770000468,0.6303679530001318,False,False,SMT sibling busy or missing utilization interval
point_update,2,0,24,initial_ef40,2,40,0.9484,1596.7387955543159,0.6262765098363161,0.6262696130002041,0.6262746440002047,False,False,SMT sibling busy or missing utilization interval
point_update,2,0,24,initial_ef40,3,40,0.9484,1571.104219052204,0.6364950127899647,0.6364586550002969,0.636463098999684,False,False,SMT sibling busy or missing utilization interval
point_update,2,0,24,initial_ef40,4,40,0.9484,1582.8287742893688,0.6317802760750055,0.6317616259998431,0.6317654810000022,False,False,SMT sibling busy or missing utilization interval
point_update,2,0,24,initial_ef40,5,40,0.9484,1572.852596818673,0.6357874870300293,0.6357411310000316,0.6357440349997887,False,False,SMT sibling busy or missing utilization interval
point_update,2,0,24,initial_ef40,6,40,0.9484,1572.4121464861084,0.6359655782580376,0.6359413870000026,0.6359448650000559,False,False,SMT sibling busy or missing utilization interval
point_update,2,0,24,initial_ef40,7,40,0.9484,1605.3039652860239,0.6229349840432405,0.6229153920003228,0.6229186410000693,True,False,
point_update,2,0,24,initial_ef40,8,40,0.9484,1615.966014486763,0.6188248954713345,0.6188061139996535,0.6188100220001616,True,True,
point_update,2,0,24,initial_ef40,9,40,0.9484,1608.2729272655843,0.6217850111424923,0.6217670720002388,0.6217705150002075,True,True,
point_update,2,0,24,initial_ef40,10,40,0.9484,1630.13208923883,0.6134472209960222,0.6133766000002652,0.6133805909998955,True,True,
point_update,2,0,24,initial_ef40,11,40,0.9484,1604.153937418388,0.623381569981575,0.6233224019997579,0.6233257859998957,True,True,
point_update,2,0,24,initial_ef40,12,40,0.9484,1621.2045794393289,0.6168252993375063,0.6166794099999606,0.6166839289999189,True,True,
point_update,2,0,24,initial_ef40,13,40,0.9484,1631.9141125429371,0.6127773467451334,0.6127470500000527,0.6127505790000214,True,True,
point_update,2,0,24,initial_ef40,14,40,0.9484,1621.42261954071,0.6167423520237207,0.6167334299998402,0.6167372209997666,True,True,
point_update,2,0,24,initial_ef41,0,41,0.9509,1554.1523367302304,0.6434375680983067,0.6434211539999524,0.6434251040000163,True,False,
point_update,2,0,24,initial_ef41,1,41,0.9509,1540.2142156713774,0.6492603365331888,0.6492318159998831,0.6492352640002537,False,False,SMT sibling busy or missing utilization interval
point_update,2,0,24,initial_ef41,2,41,0.9509,1590.6546332511348,0.6286719813942909,0.6286034670001754,0.628606772999774,True,False,
point_update,2,0,24,initial_ef41,3,41,0.9509,1547.9243329209116,0.6460264101624489,0.6459105540002383,0.6459139690000484,False,False,SMT sibling busy or missing utilization interval
point_update,2,0,24,initial_ef41,4,41,0.9509,1557.5692253948716,0.6420260388404131,0.6419682999999168,0.6419719460000124,True,False,
point_update,2,0,24,initial_ef41,5,41,0.9509,1545.6292236610416,0.6469856966286898,0.6469274739997672,0.6469312170002013,False,False,SMT sibling busy or missing utilization interval
point_update,2,0,24,initial_ef41,6,41,0.9509,1551.460707151913,0.6445538681000471,0.6445449670000016,0.6445484720002241,False,False,SMT sibling busy or missing utilization interval
point_update,2,0,24,initial_ef41,7,41,0.9509,1550.916670735311,0.6447799671441317,0.6447594279998157,0.644762959000218,True,False,
point_update,2,0,24,initial_ef41,8,41,0.9509,1570.6376410834998,0.6366840917617083,0.6366471629999069,0.6366501180000341,True,True,
point_update,2,0,24,initial_ef41,9,41,0.9509,1580.011585123101,0.6329067517071962,0.6328879490001782,0.632892148999872,True,True,
point_update,2,0,24,initial_ef41,10,41,0.9509,1595.2782198285909,0.6268499046564102,0.6268099339999935,0.6268137650004064,True,True,
point_update,2,0,24,initial_ef41,11,41,0.9509,1582.0336073792473,0.6320978235453367,0.6320682159998796,0.6320718669999223,True,True,
point_update,2,0,24,initial_ef41,12,41,0.9509,1579.1145192510976,0.633266294375062,0.6332395680001355,0.6332431900000302,True,True,
point_update,2,0,24,initial_ef41,13,41,0.9509,1586.5798558030776,0.6302865855395794,0.6302687759998662,0.6302723919998243,True,True,
point_update,2,0,24,initial_ef41,14,41,0.9509,1595.6041182702074,0.6267218720167875,0.626659034000113,0.626662190999923,True,True,
point_update,2,0,24,current_ef22,0,22,0.9459,1654.0710970229652,0.6045689340680838,0.604550990000007,0.6045541490000232,False,False,SMT sibling busy or missing utilization interval
point_update,2,0,24,current_ef22,1,22,0.9459,1644.7584661727997,0.6079920064657927,0.6079745269998966,0.6079776850001508,False,False,SMT sibling busy or missing utilization interval
point_update,2,0,24,current_ef22,2,22,0.9459,1648.8029817255406,0.6065006013959646,0.6064640999998119,0.6064679329997489,False,False,SMT sibling busy or missing utilization interval
point_update,2,0,24,current_ef22,3,22,0.9459,1653.3846664047799,0.6048199310898781,0.6048038169997199,0.604807332999826,False,False,SMT sibling busy or missing utilization interval
point_update,2,0,24,current_ef22,4,22,0.9459,1673.0229620648117,0.5977204274386168,0.5976883740004268,0.5976913790000253,True,False,
point_update,2,0,24,current_ef22,5,22,0.9459,1666.5806489793156,0.6000309679657221,0.6000153279996994,0.6000196629997845,False,False,SMT sibling busy or missing utilization interval
point_update,2,0,24,current_ef22,6,22,0.9459,1645.6127839083367,0.6076763682067394,0.6076687380000294,0.6076726399996915,False,False,SMT sibling busy or missing utilization interval
point_update,2,0,24,current_ef22,7,22,0.9459,1660.450846015697,0.6022460721433163,0.6021833419999894,0.6021875379997255,True,False,
point_update,2,0,24,current_ef22,8,22,0.9459,1699.3988287541717,0.5884433854371309,0.5883770969999205,0.5883814050002911,True,True,
point_update,2,0,24,current_ef22,9,22,0.9459,1673.9836468286207,0.5973774008452892,0.5973274820003098,0.5973312510000142,True,True,
point_update,2,0,24,current_ef22,10,22,0.9459,1694.445624757219,0.5901635233312845,0.5901560639999843,0.5901597659999425,True,True,
point_update,2,0,24,current_ef22,11,22,0.9459,1687.0651414096906,0.5927453394979239,0.5927369860000908,0.5927409409996471,True,True,
point_update,2,0,24,current_ef22,12,22,0.9459,1681.591430594307,0.5946747716516256,0.5946668719998343,0.594671063000078,True,True,
point_update,2,0,24,current_ef22,13,22,0.9459,1682.7232740747575,0.594274777919054,0.5942561689998911,0.5942598860001453,True,True,
point_update,2,0,24,current_ef22,14,22,0.9459,1678.8828885405126,0.5956341605633497,0.595575216999805,0.5955786280001121,True,True,
point_update,2,0,24,current_ef23,0,23,0.95,1589.6913298269044,0.6290529370307922,0.6290342100000998,0.629037242999857,False,False,SMT sibling busy or missing utilization interval
point_update,2,0,24,current_ef23,1,23,0.95,1614.3489205678054,0.6194447726011276,0.6194255219998013,0.6194288340002458,True,False,
point_update,2,0,24,current_ef23,2,23,0.95,1620.8284204310137,0.6169684510678053,0.6169506070000352,0.6169543850000991,True,False,
point_update,2,0,24,current_ef23,3,23,0.95,1608.0093832805533,0.6218869183212519,0.6218677850001768,0.6218718249997437,True,False,
point_update,2,0,24,current_ef23,4,23,0.95,1597.0042159150078,0.6261724233627319,0.6261539170000106,0.6261568489999263,False,False,SMT sibling busy or missing utilization interval
point_update,2,0,24,current_ef23,5,23,0.95,1577.24252691292,0.6340179033577442,0.6339559299999564,0.6339592910003375,False,False,SMT sibling busy or missing utilization interval;frequency outside configured interval or unavailable
point_update,2,0,24,current_ef23,6,23,0.95,1595.5587413907379,0.6267396956682205,0.6266680879998603,0.6266724259999137,True,False,
point_update,2,0,24,current_ef23,7,23,0.95,1595.1905865475546,0.6268843412399292,0.6267996830001721,0.6268040520003524,False,False,SMT sibling busy or missing utilization interval
point_update,2,0,24,current_ef23,8,23,0.95,1594.296039136841,0.6272360812872648,0.6272175799999786,0.6272208810000848,True,True,
point_update,2,0,24,current_ef23,9,23,0.95,1617.7346884001104,0.6181483324617147,0.6181135769998036,0.618117631000132,True,True,
point_update,2,0,24,current_ef23,10,23,0.95,1631.2616323513098,0.6130224484950304,0.6130038020000939,0.6130073469998933,True,True,
point_update,2,0,24,current_ef23,11,23,0.95,1624.2852005311715,0.6156554277986288,0.6156470509999963,0.6156507150003563,True,True,
point_update,2,0,24,current_ef23,12,23,0.95,1638.3096199859604,0.6103852335363626,0.6103286760003357,0.6103325859999131,True,True,
point_update,2,0,24,current_ef23,13,23,0.95,1604.4951298050403,0.6232490092515945,0.623187266000059,0.6231909960001758,True,True,
point_update,2,0,24,current_ef23,14,23,0.95,1605.023020233836,0.6230440232902765,0.6230160969998906,0.6230195139996795,True,True,
point_update,3,0,8,initial_ef40,0,40,0.9484,1503.6156128814573,0.6650635916739702,0.6127785620001305,0.6127819680000357,False,False,thread CPU/wall below configured minimum
point_update,3,0,8,initial_ef40,1,40,0.9484,1524.7115673178155,0.6558617521077394,0.6132340389999626,0.6132371979997515,False,False,thread CPU/wall below configured minimum
point_update,3,0,8,initial_ef40,2,40,0.9484,1505.306452081237,0.6643165573477745,0.621907167000245,0.621911094999632,False,False,thread CPU/wall below configured minimum
point_update,3,0,8,initial_ef40,3,40,0.9484,1516.7807531797137,0.6592910662293434,0.6142752139999175,0.614278337000087,False,False,thread CPU/wall below configured minimum
point_update,3,0,8,initial_ef40,4,40,0.9484,1490.3714525297844,0.6709736678749323,0.6199503960001493,0.6199541659998431,False,False,thread CPU/wall below configured minimum
point_update,3,0,8,initial_ef40,5,40,0.9484,1399.3587738048282,0.7146130204200745,0.624699323999721,0.6247028269999646,False,False,thread CPU/wall below configured minimum
point_update,3,0,8,initial_ef40,6,40,0.9484,1377.3776535031384,0.7260172963142395,0.624041710000256,0.6240448250000554,False,False,thread CPU/wall below configured minimum
point_update,3,0,8,initial_ef40,7,40,0.9484,1408.996771464185,0.7097248341888189,0.6166731960001925,0.616677069999696,False,False,thread CPU/wall below configured minimum
point_update,3,0,8,initial_ef40,8,40,0.9484,1369.2614809046702,0.7303206976503134,0.6192522149999604,0.6192560029999186,False,False,thread CPU/wall below configured minimum
point_update,3,0,8,initial_ef40,9,40,0.9484,1463.2789281789924,0.6833967063575983,0.6172590420001143,0.617262442000083,False,False,thread CPU/wall below configured minimum
point_update,3,0,8,initial_ef40,10,40,0.9484,1514.5263158084786,0.6602724492549896,0.6182131699997626,0.6182169109997631,False,False,thread CPU/wall below configured minimum
point_update,3,0,8,initial_ef40,11,40,0.9484,1430.4421248314536,0.6990845575928688,0.618067819999851,0.6180708500000947,False,False,thread CPU/wall below configured minimum
point_update,3,0,8,initial_ef40,12,40,0.9484,1510.517826616499,0.6620246265083551,0.6200124760002836,0.6200162170002841,False,False,thread CPU/wall below configured minimum
point_update,3,0,8,initial_ef40,13,40,0.9484,1517.5642477994727,0.6589506845921278,0.6138921000001574,0.6138955530000203,False,False,thread CPU/wall below configured minimum
point_update,3,0,8,initial_ef40,14,40,0.9484,1516.5179588787082,0.6594053134322166,0.6174470989999463,0.6174504200002957,False,False,thread CPU/wall below configured minimum
point_update,3,0,8,initial_ef40,15,40,0.9484,1500.0712509582472,0.666635001078248,0.624585001000014,0.6245880619999298,False,False,thread CPU/wall below configured minimum
point_update,3,0,8,initial_ef40,16,40,0.9484,1511.9530901572687,0.6613961812108755,0.619299754000167,0.6193038000001252,False,False,thread CPU/wall below configured minimum
point_update,3,0,8,initial_ef40,17,40,0.9484,1435.9326428456277,0.6964114960283041,0.6152881699999853,0.6152917990002607,False,False,thread CPU/wall below configured minimum
point_update,3,0,8,initial_ef40,18,40,0.9484,1427.6323699112334,0.7004604414105415,0.6194378079999296,0.6194427410000571,False,False,thread CPU/wall below configured minimum
point_update,3,0,8,initial_ef40,19,40,0.9484,1418.4397311525072,0.7049999926239252,0.6179725439997128,0.617976746000295,False,False,thread CPU/wall below configured minimum
point_update,3,0,8,initial_ef40,20,40,0.9484,1390.0179266103007,0.7194151822477579,0.622613530000308,0.6226171839998642,False,False,thread CPU/wall below configured minimum
point_update,3,0,8,initial_ef41,0,41,0.9509,1500.9794834147738,0.6662316247820854,0.627234500999748,0.6272381980002137,False,False,thread CPU/wall below configured minimum
point_update,3,0,8,initial_ef41,1,41,0.9509,1479.0258596351773,0.676120700314641,0.6311333730000115,0.6311365310002657,False,False,thread CPU/wall below configured minimum
point_update,3,0,8,initial_ef41,2,41,0.9509,1448.9927901888077,0.690134558826685,0.6391324369997164,0.639135788999738,False,False,thread CPU/wall below configured minimum
point_update,3,0,8,initial_ef41,3,41,0.9509,1421.738250083034,0.7033643499016762,0.6313442180003221,0.631347445999836,False,False,thread CPU/wall below configured minimum
point_update,3,0,8,initial_ef41,4,41,0.9509,1463.5356062939268,0.6832768507301807,0.6381437639997785,0.6381476619999376,False,False,thread CPU/wall below configured minimum
point_update,3,0,8,initial_ef41,5,41,0.9509,1431.6142027098003,0.6985122095793486,0.6413599269999395,0.6413639679999505,False,False,thread CPU/wall below configured minimum
point_update,3,0,8,initial_ef41,6,41,0.9509,1368.1129494722295,0.7309338022023439,0.6348438290001468,0.6348472860004222,False,False,thread CPU/wall below configured minimum
point_update,3,0,8,initial_ef41,7,41,0.9509,1255.6215220436886,0.7964183334261179,0.6336488400002054,0.6336527600001318,False,False,thread CPU/wall below configured minimum
point_update,3,0,8,initial_ef41,8,41,0.9509,1438.8765543676975,0.6949866525828838,0.6289685869996902,0.6289722010001242,False,False,thread CPU/wall below configured minimum
point_update,3,0,8,initial_ef41,9,41,0.9509,1457.3122685677185,0.6861947309225798,0.6291455929999756,0.6291495650002616,False,False,thread CPU/wall below configured minimum
point_update,3,0,8,initial_ef41,10,41,0.9509,1469.2330621096362,0.6806272100657225,0.6356121139997413,0.6356163629998264,False,False,thread CPU/wall below configured minimum
point_update,3,0,8,initial_ef41,11,41,0.9509,1470.971430792468,0.6798228565603495,0.6347773070001494,0.6347802749996845,False,False,thread CPU/wall below configured minimum
point_update,3,0,8,initial_ef41,12,41,0.9509,1490.0036486390918,0.671139296144247,0.6290961310000966,0.6290993819998221,False,False,thread CPU/wall below configured minimum;frequency outside configured interval or unavailable
point_update,3,0,8,initial_ef41,13,41,0.9509,1475.9300579302733,0.6775388810783625,0.6294711840000673,0.6294750060001206,False,False,thread CPU/wall below configured minimum
point_update,3,0,8,initial_ef41,14,41,0.9509,1485.715583053087,0.6730763353407383,0.6310327770002004,0.631036383999799,False,False,thread CPU/wall below configured minimum
point_update,3,0,8,initial_ef41,15,41,0.9509,1388.5228076219182,0.7201898265630007,0.636100341999736,0.6361038790000748,False,False,thread CPU/wall below configured minimum
point_update,3,0,8,initial_ef41,16,41,0.9509,1492.7629813026688,0.6698987130075693,0.6278408650000529,0.6278442029997677,False,False,thread CPU/wall below configured minimum
point_update,3,0,8,initial_ef41,17,41,0.9509,1393.0636921509827,0.7178422678261995,0.6338451619999432,0.6338498039999649,False,False,thread CPU/wall below configured minimum
point_update,3,0,8,initial_ef41,18,41,0.9509,1402.2797838227195,0.7131244502961636,0.6290656859996488,0.6290694300000723,False,False,thread CPU/wall below configured minimum
point_update,3,0,8,initial_ef41,19,41,0.9509,1378.7333149880903,0.725303428247571,0.6382427349999489,0.6382466250001926,False,False,thread CPU/wall below configured minimum
point_update,3,0,8,initial_ef41,20,41,0.9509,1381.01791514968,0.7241035681217909,0.6400381529997503,0.6400418909997825,False,False,thread CPU/wall below configured minimum
point_update,3,0,8,current_ef22,0,22,0.9481,1491.8179010808287,0.6703230999410152,0.6033731970001099,0.6033778149999307,False,False,thread CPU/wall below configured minimum
point_update,3,0,8,current_ef22,1,22,0.9481,1538.8649445811066,0.6498296055942774,0.6038142359998346,0.6038184540002476,False,False,thread CPU/wall below configured minimum
point_update,3,0,8,current_ef22,2,22,0.9481,1481.3827749175157,0.6750449761748314,0.605762107999908,0.6057665419998557,False,False,thread CPU/wall below configured minimum
point_update,3,0,8,current_ef22,3,22,0.9481,1545.177576094844,0.6471748072654009,0.6050938880002832,0.6050974230001884,False,False,thread CPU/wall below configured minimum
point_update,3,0,8,current_ef22,4,22,0.9481,1538.723406128648,0.6498893797397614,0.6018679020003219,0.6018709380000473,False,False,thread CPU/wall below configured minimum
point_update,3,0,8,current_ef22,5,22,0.9481,1516.6247262886436,0.6593588925898075,0.6083596660000694,0.6083629310001015,False,False,thread CPU/wall below configured minimum
point_update,3,0,8,current_ef22,6,22,0.9481,1507.5846892972697,0.6633126530796289,0.6093043070000022,0.6093083800001295,False,False,thread CPU/wall below configured minimum
point_update,3,0,8,current_ef22,7,22,0.9481,1429.7630983215975,0.6994165685027838,0.6064423150000948,0.6064455499999895,False,False,thread CPU/wall below configured minimum
point_update,3,0,8,current_ef22,8,22,0.9481,1523.1740579479374,0.6565237864851952,0.599479741000323,0.599483052999858,False,False,thread CPU/wall below configured minimum
point_update,3,0,8,current_ef22,9,22,0.9481,1448.937251523755,0.6901610121130943,0.603101885000342,0.6031064210001205,False,False,thread CPU/wall below configured minimum
point_update,3,0,8,current_ef22,10,22,0.9481,1533.6629694235653,0.6520337387919426,0.6070194849999098,0.6070230119998996,False,False,thread CPU/wall below configured minimum
point_update,3,0,8,current_ef22,11,22,0.9481,1551.7253651183755,0.6444439347833395,0.6053805219999049,0.6053846290001275,False,False,thread CPU/wall below configured minimum
point_update,3,0,8,current_ef22,12,22,0.9481,1549.9688694592116,0.6451742481440306,0.6061286520002795,0.6061320830003751,False,False,thread CPU/wall below configured minimum
point_update,3,0,8,current_ef22,13,22,0.9481,1531.9789599296741,0.6527504790574312,0.6017120250003245,0.6017154800001663,False,False,thread CPU/wall below configured minimum
point_update,3,0,8,current_ef22,14,22,0.9481,1534.9854518153254,0.6514719724655151,0.6034346849996837,0.6034382170000754,False,False,thread CPU/wall below configured minimum
point_update,3,0,8,current_ef22,15,22,0.9481,1536.1591834874719,0.650974202901125,0.602941120000196,0.6029443779998473,False,False,thread CPU/wall below configured minimum
point_update,3,0,8,current_ef22,16,22,0.9481,1497.4131128611987,0.6678183805197477,0.598770684000101,0.598774069999763,False,False,thread CPU/wall below configured minimum
point_update,3,0,8,current_ef22,17,22,0.9481,1438.4379966517115,0.69519854336977,0.6022059679999074,0.6022092349999184,False,False,thread CPU/wall below configured minimum
point_update,3,0,8,current_ef22,18,22,0.9481,1468.3002963638517,0.6810595914721489,0.6000477900001897,0.6000519320000421,False,False,thread CPU/wall below configured minimum
point_update,3,0,8,current_ef22,19,22,0.9481,1402.6404275178684,0.7129410933703184,0.6169642560003012,0.6169675430001007,False,False,thread CPU/wall below configured minimum
point_update,3,0,8,current_ef22,20,22,0.9481,1449.1444110670598,0.6900623515248299,0.6089867910000066,0.6089902579997215,False,False,thread CPU/wall below configured minimum
point_update,3,0,8,current_ef23,0,23,0.9503,1445.6094235576581,0.6917497795075178,0.6343592560001525,0.6343627589999414,False,False,thread CPU/wall below configured minimum
point_update,3,0,8,current_ef23,1,23,0.9503,1478.5069457625077,0.6763579994440079,0.6313825460001681,0.631386718000158,False,False,thread CPU/wall below configured minimum
point_update,3,0,8,current_ef23,2,23,0.9503,1414.5972838060338,0.7069149725139141,0.6349171419997219,0.6349213600001349,False,False,thread CPU/wall below configured minimum
point_update,3,0,8,current_ef23,3,23,0.9503,1495.137609767747,0.6688347570598125,0.6268211780002275,0.6268251469996358,False,False,thread CPU/wall below configured minimum
point_update,3,0,8,current_ef23,4,23,0.9503,1459.218912458253,0.6852981355041265,0.6402139080000779,0.6402171569998245,False,False,thread CPU/wall below configured minimum
point_update,3,0,8,current_ef23,5,23,0.9503,1354.9817217725788,0.7380173355340958,0.6494566110000051,0.6494616469999528,False,False,thread CPU/wall below configured minimum
point_update,3,0,8,current_ef23,6,23,0.9503,1381.8488512166432,0.7236681487411261,0.6366781300002913,0.6366816499999004,False,False,thread CPU/wall below configured minimum
point_update,3,0,8,current_ef23,7,23,0.9503,1341.8520855017089,0.7452386226505041,0.6341912999996566,0.6341959139999744,False,False,thread CPU/wall below configured minimum
point_update,3,0,8,current_ef23,8,23,0.9503,1441.6116042697774,0.6936681121587753,0.6305751730001248,0.6305787150004107,False,False,thread CPU/wall below configured minimum
point_update,3,0,8,current_ef23,9,23,0.9503,1420.1573609029954,0.704147320240736,0.6321198709997589,0.632123990999844,False,False,thread CPU/wall below configured minimum
point_update,3,0,8,current_ef23,10,23,0.9503,1478.4281216549061,0.676394060254097,0.6312918039998294,0.6312948330000836,False,False,thread CPU/wall below configured minimum
point_update,3,0,8,current_ef23,11,23,0.9503,1466.2962558129855,0.6819904204457998,0.6309436750002533,0.6309473149999576,False,False,thread CPU/wall below configured minimum
point_update,3,0,8,current_ef23,12,23,0.9503,1426.6289147111759,0.7009531278163195,0.6319028789998811,0.6319061670001247,False,False,thread CPU/wall below configured minimum
point_update,3,0,8,current_ef23,13,23,0.9503,1506.971720391945,0.6635824590921402,0.6215269419999458,0.6215300180001577,False,False,thread CPU/wall below configured minimum
point_update,3,0,8,current_ef23,14,23,0.9503,1478.8383513789208,0.6762064285576344,0.6311494149999817,0.6311540140000034,False,False,thread CPU/wall below configured minimum
point_update,3,0,8,current_ef23,15,23,0.9503,1504.867897548615,0.6645101550966501,0.6254552109999167,0.6254588550000335,False,False,thread CPU/wall below configured minimum
point_update,3,0,8,current_ef23,16,23,0.9503,1453.0339673631106,0.6882151570171118,0.6280612790001214,0.6280652579998787,False,False,thread CPU/wall below configured minimum
point_update,3,0,8,current_ef23,17,23,0.9503,1366.409006520509,0.7318452931940556,0.6327368600000227,0.6327402839997376,False,False,thread CPU/wall below configured minimum
point_update,3,0,8,current_ef23,18,23,0.9503,1389.1457314741074,0.7198668774217367,0.6327633969999624,0.6327667229998042,False,False,thread CPU/wall below configured minimum
point_update,3,0,8,current_ef23,19,23,0.9503,1395.2539615443638,0.7167153991758823,0.6296947929999988,0.6296987919999992,False,False,thread CPU/wall below configured minimum
point_update,3,0,8,current_ef23,20,23,0.9503,1392.4189296986883,0.7181746661663055,0.637112820999846,0.6371169200001532,False,False,thread CPU/wall below configured minimum
point_update,3,1,24,initial_ef40,0,40,0.9484,1604.3363092470706,0.6233107075095177,0.6230042359998151,0.6230084189996887,True,True,
point_update,3,1,24,initial_ef40,1,40,0.9484,1614.240900619751,0.6194862239062786,0.6194780219998393,0.6194820509999772,True,True,
point_update,3,1,24,initial_ef40,2,40,0.9484,1606.207706546174,0.6225844863802195,0.6225766020002084,0.6225801750001665,True,True,
point_update,3,1,24,initial_ef40,3,40,0.9484,1611.4721905207314,0.6205505784600973,0.6205422279999766,0.6205454329997337,True,True,
point_update,3,1,24,initial_ef40,4,40,0.9484,1611.4813663549808,0.6205470450222492,0.6203655970002728,0.620369603999734,True,True,
point_update,3,1,24,initial_ef40,5,40,0.9484,1605.0886260674877,0.6230185572057962,0.6230118680000487,0.6230155819998799,True,True,
point_update,3,1,24,initial_ef40,6,40,0.9484,1626.2760445907672,0.6149017587304115,0.6148324760001742,0.6148359730000266,True,True,
point_update,3,1,24,initial_ef41,0,41,0.9509,1558.8696737572704,0.6414904445409775,0.6414833619996898,0.6414863429999969,True,True,
point_update,3,1,24,initial_ef41,1,41,0.9509,1553.3679833501178,0.6437624637037516,0.6437384799996835,0.6437427170003502,True,True,
point_update,3,1,24,initial_ef41,2,41,0.9509,1566.0555231445428,0.6385469641536474,0.638538785000037,0.6385419830003229,True,True,
point_update,3,1,24,initial_ef41,3,41,0.9509,1560.9584540188132,0.6406320407986641,0.6404144670000278,0.640417879999859,True,True,
point_update,3,1,24,initial_ef41,4,41,0.9509,1583.0113796614394,0.6317073982208967,0.6316997999997511,0.6317029249998996,True,True,
point_update,3,1,24,initial_ef41,5,41,0.9509,1584.3445832388904,0.6311758253723383,0.6311674600001425,0.6311709919996247,True,True,
point_update,3,1,24,initial_ef41,6,41,0.9509,1572.4835096663987,0.6359367165714502,0.6359211629996935,0.635924538999916,True,True,
point_update,3,1,24,current_ef22,0,22,0.9481,1631.0432175955088,0.6131045389920473,0.6128790039997511,0.6128830160000689,True,True,
point_update,3,1,24,current_ef22,1,22,0.9481,1621.00621449073,0.6169007811695337,0.6166334300000926,0.6166369610000402,True,True,
point_update,3,1,24,current_ef22,2,22,0.9481,1622.3332027287872,0.6163961868733168,0.6161197070000526,0.6161237679998521,True,True,
point_update,3,1,24,current_ef22,3,22,0.9481,1638.2886475684857,0.6103930473327637,0.6101642039998296,0.6101681509999253,True,True,
point_update,3,1,24,current_ef22,4,22,0.9481,1654.086782986663,0.6045632008463144,0.6044101140000748,0.604414123999959,True,True,
point_update,3,1,24,current_ef22,5,22,0.9481,1650.697180164367,0.6058046333491802,0.6057803759999842,0.6057837520002067,True,True,
point_update,3,1,24,current_ef22,6,22,0.9481,1634.5247825695574,0.6117986161261797,0.6117752540003494,0.6117787840003075,True,True,
point_update,3,1,24,current_ef23,0,23,0.9503,1580.5113783908148,0.6327066123485565,0.6323328910002601,0.632336579999901,True,True,
point_update,3,1,24,current_ef23,1,23,0.9503,1587.9685365127348,0.6297353990375996,0.6294419089999792,0.6294455059996835,True,True,
point_update,3,1,24,current_ef23,2,23,0.9503,1576.4147772994108,0.6343508157879114,0.6340858020002997,0.634089498999856,True,True,
point_update,3,1,24,current_ef23,3,23,0.9503,1593.7572817079672,0.6274481136351824,0.6271995050001351,0.6272027579998394,True,True,
point_update,3,1,24,current_ef23,4,23,0.9503,1568.9451565101158,0.6373709086328745,0.6372323169998708,0.6372357320001356,True,True,
point_update,3,1,24,current_ef23,5,23,0.9503,1585.6419592159593,0.6306593958288431,0.6304463739998027,0.6304497329997503,True,True,
point_update,3,1,24,current_ef23,6,23,0.9503,1576.7105177270425,0.6342318318784237,0.6341960250001648,0.6342000920003557,True,True,
point_update,4,0,24,initial_ef40,0,40,0.9484,1603.297391833149,0.6237146053463221,0.6236978399997497,0.6237014230000568,True,True,
point_update,4,0,24,initial_ef40,1,40,0.9484,1609.0592311478667,0.6214811615645885,0.6214626679998219,0.621465951999653,True,True,
point_update,4,0,24,initial_ef40,2,40,0.9484,1616.6859022762535,0.6185493413358927,0.6185300910001388,0.6185335360000863,True,True,
point_update,4,0,24,initial_ef40,3,40,0.9484,1605.258044635349,0.6229528039693832,0.622933761999775,0.622937622000336,True,False,
point_update,4,0,24,initial_ef40,4,40,0.9484,1609.839787524418,0.6211798265576363,0.6211404900000161,0.6211440269999002,True,True,
point_update,4,0,24,initial_ef40,5,40,0.9484,1587.3333855298351,0.6299873795360327,0.6299324060000799,0.6299357979996785,True,True,
point_update,4,0,24,initial_ef40,6,40,0.9484,1596.518821113021,0.6263628005981445,0.6263058469999123,0.626309117999881,True,True,
point_update,4,0,24,initial_ef40,7,40,0.9484,1613.9447281190912,0.6195999048650265,0.6195465089999743,0.6195502399996258,True,True,
point_update,4,0,24,initial_ef41,0,41,0.9509,1561.7183698214028,0.6403203159570694,0.6403074659997401,0.6403118090001954,True,True,
point_update,4,0,24,initial_ef41,1,41,0.9509,1558.6145958918285,0.6415954288095236,0.6415676619999431,0.6415717980003137,True,True,
point_update,4,0,24,initial_ef41,2,41,0.9509,1566.3399722195181,0.6384310033172369,0.6384016779998092,0.6384051160002855,True,True,
point_update,4,0,24,initial_ef41,3,41,0.9509,1570.2690506535698,0.6368335410952568,0.6368162199996732,0.6368197759998111,True,False,
point_update,4,0,24,initial_ef41,4,41,0.9509,1582.481452210817,0.6319189388304949,0.6318542539997907,0.6318579170001613,True,True,
point_update,4,0,24,initial_ef41,5,41,0.9509,1553.6939639961677,0.6436273958534002,0.6435664850000649,0.6435702630001288,True,True,
point_update,4,0,24,initial_ef41,6,41,0.9509,1555.413907070981,0.6429156865924597,0.6428965939999216,0.6429003400003239,True,True,
point_update,4,0,24,initial_ef41,7,41,0.9509,1552.9585818200483,0.6439321767538786,0.6439143300003707,0.6439174709998952,True,True,
point_update,4,0,24,current_ef22,0,22,0.9482,1671.0057183581682,0.5984419975429773,0.598426561999986,0.5984297929999229,True,True,
point_update,4,0,24,current_ef22,1,22,0.9482,1647.4270637251582,0.6070071458816528,0.6069999309997911,0.6070031949998338,True,True,
point_update,4,0,24,current_ef22,2,22,0.9482,1678.2398457088543,0.5958623867481947,0.5958386289998998,0.5958423900001435,True,True,
point_update,4,0,24,current_ef22,3,22,0.9482,1648.538076509785,0.6065980605781078,0.6065913840002395,0.6065950389997852,True,False,
point_update,4,0,24,current_ef22,4,22,0.9482,1684.5586761850655,0.5936272889375687,0.5936205269999846,0.5936240930000167,True,True,
point_update,4,0,24,current_ef22,5,22,0.9482,1651.212670583678,0.6056155078113079,0.6055875729998661,0.6055908920002366,True,True,
point_update,4,0,24,current_ef22,6,22,0.9482,1669.990124999079,0.5988059360533953,0.598790180999913,0.5987935829998605,True,True,
point_update,4,0,24,current_ef22,7,22,0.9482,1671.3873344950473,0.5983053594827652,0.5982760179999786,0.5982798029999685,True,True,
point_update,4,0,24,current_ef23,0,23,0.9521,1592.3337288549892,0.6280090548098087,0.6279897200001869,0.6279928729995845,True,True,
point_update,4,0,24,current_ef23,1,23,0.9521,1606.0542449336826,0.6226439755409956,0.622628239000278,0.6226326910000353,True,True,
point_update,4,0,24,current_ef23,2,23,0.9521,1616.0153759807636,0.6188059933483601,0.6187860040004125,0.6187901260000217,True,True,
point_update,4,0,24,current_ef23,3,23,0.9521,1602.8631236096371,0.6238835901021957,0.6238523659999373,0.6238559339999483,False,False,frequency outside configured interval or unavailable
point_update,4,0,24,current_ef23,4,23,0.9521,1578.237433002631,0.6336182244122028,0.6336002090001784,0.633603031000348,True,True,
point_update,4,0,24,current_ef23,5,23,0.9521,1588.530633614815,0.6295125689357519,0.629495534000398,0.6294986249999965,True,True,
point_update,4,0,24,current_ef23,6,23,0.9521,1592.4046257598475,0.6279810946434736,0.6279650780002157,0.6279688849999729,True,True,
point_update,4,0,24,current_ef23,7,23,0.9521,1608.302263443058,0.6217736694961786,0.6217665960002705,0.6217700670003978,True,True,
point_update,5,0,24,initial_ef40,0,40,0.9484,1626.0252176526476,0.614996612071991,0.6149632510000629,0.6149666569999681,True,True,
point_update,5,0,24,initial_ef40,1,40,0.9484,1589.6848952129922,0.6290554832667112,0.6290377119998993,0.6290407430001324,True,True,
point_update,5,0,24,initial_ef40,2,40,0.9484,1604.7898826890635,0.6231345366686583,0.6230737529999715,0.6230780319997393,True,True,
point_update,5,0,24,initial_ef40,3,40,0.9484,1626.4875225909286,0.6148218084126711,0.6147388300000785,0.6147425540002587,True,False,
point_update,5,0,24,initial_ef40,4,40,0.9484,1629.1567231843026,0.6138144880533218,0.6137544410003102,0.6137588189999406,True,True,
point_update,5,0,24,initial_ef40,5,40,0.9484,1594.5978075156465,0.6271173804998398,0.6270870790003755,0.6270906549998472,True,True,
point_update,5,0,24,initial_ef40,6,40,0.9484,1597.2577445462996,0.626073032617569,0.6260653420004019,0.6260687499998312,True,True,
point_update,5,0,24,initial_ef40,7,40,0.9484,1617.4319552831664,0.6182640306651592,0.6182328150002832,0.6182364950000192,True,True,
point_update,5,0,24,initial_ef41,0,41,0.9509,1580.1574171648465,0.6328483410179615,0.6328414360000352,0.6328457429999617,True,True,
point_update,5,0,24,initial_ef41,1,41,0.9509,1587.7792869579755,0.6298104580491781,0.6298028870000962,0.6298067939997054,True,True,
point_update,5,0,24,initial_ef41,2,41,0.9509,1565.8769271709448,0.6386197935789824,0.638611798999591,0.6386152459999721,True,True,
point_update,5,0,24,initial_ef41,3,41,0.9509,1574.656628164368,0.6350590866059065,0.6350517629998649,0.6350553239999499,False,False,frequency outside configured interval or unavailable
point_update,5,0,24,initial_ef41,4,41,0.9509,1585.67828743657,0.6306449472904205,0.6306372049998572,0.6306411129999105,True,True,
point_update,5,0,24,initial_ef41,5,41,0.9509,1581.2699072904445,0.6324031054973602,0.632395128999633,0.632398903000194,True,True,
point_update,5,0,24,initial_ef41,6,41,0.9509,1578.292710403197,0.6335960328578949,0.6335881979998703,0.6335925770003996,True,True,
point_update,5,0,24,initial_ef41,7,41,0.9509,1595.0835275581742,0.6269264165312052,0.626918010999816,0.6269209139995837,True,True,
point_update,5,0,24,current_ef23,0,23,0.9485,1594.2766045224816,0.6272437274456024,0.6267911639997692,0.6267953469996428,True,True,
point_update,5,0,24,current_ef23,1,23,0.9485,1608.3291482505274,0.6217632759362459,0.6217480010000145,0.621751416999814,True,True,
point_update,5,0,24,current_ef23,2,23,0.9485,1595.2571590909938,0.6268581803888083,0.6268272959996466,0.6268307810000806,True,True,
point_update,5,0,24,current_ef23,3,23,0.9485,1580.5287711889105,0.6326996497809887,0.6326840269998684,0.6326873210000485,True,False,
point_update,5,0,24,current_ef23,4,23,0.9485,1595.041085199141,0.6269430983811617,0.6269081089999418,0.626911618000122,True,True,
point_update,5,0,24,current_ef23,5,23,0.9485,1603.4761111988887,0.6236450877040625,0.6236292180001328,0.6236326950001967,True,True,
point_update,5,0,24,current_ef23,6,23,0.9485,1585.071842542519,0.6308862306177616,0.6308695119996628,0.6308743810000124,True,True,
point_update,5,0,24,current_ef23,7,23,0.9485,1577.5132921584268,0.6339090801775455,0.6338488689998485,0.6338524829998278,True,True,
point_update,5,0,24,current_ef24,0,24,0.9513,1529.9599211140817,0.6536118928343058,0.6535937029998422,0.6535972149999907,True,True,
point_update,5,0,24,current_ef24,1,24,0.9513,1546.975120577958,0.6464228071272373,0.6464053810000223,0.6464082820002659,True,True,
point_update,5,0,24,current_ef24,2,24,0.9513,1535.028387941098,0.6514537502080202,0.6514370109998708,0.651440047000051,True,True,
point_update,5,0,24,current_ef24,3,24,0.9513,1548.9376076660485,0.645603796467185,0.6455725910000183,0.6455763300000399,True,False,
point_update,5,0,24,current_ef24,4,24,0.9513,1527.2229423673516,0.6547832489013672,0.6547209170003043,0.6547244559997125,True,True,
point_update,5,0,24,current_ef24,5,24,0.9513,1552.1617321617891,0.6442627590149641,0.6442033469998023,0.6442070400003104,True,True,
point_update,5,0,24,current_ef24,6,24,0.9513,1519.9862048328255,0.657900707796216,0.6577813779999815,0.6577852519999396,True,True,
point_update,5,0,24,current_ef24,7,24,0.9513,1534.586409556398,0.6516413763165474,0.6515572450002765,0.6515613390001818,True,True,
