operation,stage,counter,value
delete,1,requested,1000000
delete,1,marked,1000000
delete,1,search_candidates,301744800
delete,1,search_expanded,303722699
delete,1,incoming_edges_repaired,37578350
delete,1,outgoing_edges_added,92400240
delete,1,rewired_nodes,69387231
delete,1,pruned_edges,68099182
delete,1,scrubbed_edges,755196
delete,1,candidate_sources,298999163
delete,1,empty_marker_rows,93931637
delete,1,matched_edges,203389192
delete,1,cleared_bits,13102104
delete,1,support_checks,4894570213
delete,1,parallel_preparations,0
delete,1,reused_preparations,0
delete,1,recomputed_preparations,0
delete,1,parallel_points,1000000
delete,1,max_active_points,32
delete,1,parallel_deletions,1000000
delete,1,peak_parallel_deletions,32
delete,1,incoming_handoffs,31502
delete,1,distance_cache_hits,3164847205
delete,1,distance_cache_misses,13511872790
delete,1,rng_witness_reuses,8732708
delete,1,cleanup_bound_reused_rows,298939751
delete,1,cleanup_bound_stale_rows,59412
delete,1,deferred_incoming_handoffs,5819
delete,1,deferred_incoming_repairs,5819
delete,1,deferred_retired_source_repairs,0
delete,1,ignored_completed_ghosts,8401483
delete,1,deferred_overlapping_edges,5819
delete,1,deferred_pending_requests,0
delete,1,deferred_retired_source_requests,0
delete,1,deferred_intermediate_rows,0
delete,1,publication_retired_targets,43
delete,2,requested,1000000
delete,2,marked,1000000
delete,2,search_candidates,302235600
delete,2,search_expanded,304242565
delete,2,incoming_edges_repaired,40168711
delete,2,outgoing_edges_added,92005058
delete,2,rewired_nodes,71621585
delete,2,pruned_edges,88341032
delete,2,scrubbed_edges,733563
delete,2,candidate_sources,298999081
delete,2,empty_marker_rows,77416720
delete,2,matched_edges,219641189
delete,2,cleared_bits,15481976
delete,2,support_checks,5906570208
delete,2,parallel_preparations,0
delete,2,reused_preparations,0
delete,2,recomputed_preparations,0
delete,2,parallel_points,1000000
delete,2,max_active_points,32
delete,2,parallel_deletions,1000000
delete,2,peak_parallel_deletions,32
delete,2,incoming_handoffs,39453
delete,2,distance_cache_hits,3489813649
delete,2,distance_cache_misses,15667030778
delete,2,rng_witness_reuses,12545554
delete,2,cleanup_bound_reused_rows,298928836
delete,2,cleanup_bound_stale_rows,70245
delete,2,deferred_incoming_handoffs,7454
delete,2,deferred_incoming_repairs,7454
delete,2,deferred_retired_source_repairs,0
delete,2,ignored_completed_ghosts,9724958
delete,2,deferred_overlapping_edges,7454
delete,2,deferred_pending_requests,0
delete,2,deferred_retired_source_requests,0
delete,2,deferred_intermediate_rows,0
delete,2,publication_retired_targets,63
delete,3,requested,1000000
delete,3,marked,1000000
delete,3,search_candidates,302597400
delete,3,search_expanded,304701223
delete,3,incoming_edges_repaired,41382821
delete,3,outgoing_edges_added,90794248
delete,3,rewired_nodes,72535453
delete,3,pruned_edges,94459750
delete,3,scrubbed_edges,677117
delete,3,candidate_sources,298998976
delete,3,empty_marker_rows,68492269
delete,3,matched_edges,228405956
delete,3,cleared_bits,17911749
delete,3,support_checks,6648767026
delete,3,parallel_preparations,0
delete,3,reused_preparations,0
delete,3,recomputed_preparations,0
delete,3,parallel_points,1000000
delete,3,max_active_points,32
delete,3,parallel_deletions,1000000
delete,3,peak_parallel_deletions,32
delete,3,incoming_handoffs,45439
delete,3,distance_cache_hits,3694625978
delete,3,distance_cache_misses,16837382543
delete,3,rng_witness_reuses,14023072
delete,3,cleanup_bound_reused_rows,298918743
delete,3,cleanup_bound_stale_rows,80233
delete,3,deferred_incoming_handoffs,8658
delete,3,deferred_incoming_repairs,8658
delete,3,deferred_retired_source_repairs,0
delete,3,ignored_completed_ghosts,10470977
delete,3,deferred_overlapping_edges,8658
delete,3,deferred_pending_requests,0
delete,3,deferred_retired_source_requests,0
delete,3,deferred_intermediate_rows,0
delete,3,publication_retired_targets,63
delete,4,requested,1000000
delete,4,marked,1000000
delete,4,search_candidates,302974500
delete,4,search_expanded,305117487
delete,4,incoming_edges_repaired,42131611
delete,4,outgoing_edges_added,89254606
delete,4,rewired_nodes,72972298
delete,4,pruned_edges,94670472
delete,4,scrubbed_edges,599206
delete,4,candidate_sources,298998796
delete,4,empty_marker_rows,63025422
delete,4,matched_edges,233767052
delete,4,cleared_bits,20011868
delete,4,support_checks,7242600398
delete,4,parallel_preparations,0
delete,4,reused_preparations,0
delete,4,recomputed_preparations,0
delete,4,parallel_points,1000000
delete,4,max_active_points,32
delete,4,parallel_deletions,1000000
delete,4,peak_parallel_deletions,32
delete,4,incoming_handoffs,54019
delete,4,distance_cache_hits,3850810658
delete,4,distance_cache_misses,17582449210
delete,4,rng_witness_reuses,14415445
delete,4,cleanup_bound_reused_rows,298905085
delete,4,cleanup_bound_stale_rows,93711
delete,4,deferred_incoming_handoffs,9915
delete,4,deferred_incoming_repairs,9915
delete,4,deferred_retired_source_repairs,1
delete,4,ignored_completed_ghosts,10905550
delete,4,deferred_overlapping_edges,9914
delete,4,deferred_pending_requests,0
delete,4,deferred_retired_source_requests,1
delete,4,deferred_intermediate_rows,1
delete,4,publication_retired_targets,101
delete,5,requested,1000000
delete,5,marked,1000000
delete,5,search_candidates,303584700
delete,5,search_expanded,305739390
delete,5,incoming_edges_repaired,42642273
delete,5,outgoing_edges_added,87387677
delete,5,rewired_nodes,73166388
delete,5,pruned_edges,92383778
delete,5,scrubbed_edges,503157
delete,5,candidate_sources,298998576
delete,5,empty_marker_rows,59238571
delete,5,matched_edges,237471845
delete,5,cleared_bits,21721808
delete,5,support_checks,7718697212
delete,5,parallel_preparations,0
delete,5,reused_preparations,0
delete,5,recomputed_preparations,0
delete,5,parallel_points,1000000
delete,5,max_active_points,32
delete,5,parallel_deletions,1000000
delete,5,peak_parallel_deletions,32
delete,5,incoming_handoffs,64721
delete,5,distance_cache_hits,3984538416
delete,5,distance_cache_misses,18065731350
delete,5,rng_witness_reuses,14374781
delete,5,cleanup_bound_reused_rows,298886648
delete,5,cleanup_bound_stale_rows,111928
delete,5,deferred_incoming_handoffs,11950
delete,5,deferred_incoming_repairs,11950
delete,5,deferred_retired_source_repairs,0
delete,5,ignored_completed_ghosts,11158542
delete,5,deferred_overlapping_edges,11950
delete,5,deferred_pending_requests,0
delete,5,deferred_retired_source_requests,0
delete,5,deferred_intermediate_rows,0
delete,5,publication_retired_targets,123
point_update,1,requested,1000000
point_update,1,marked,1000000
point_update,1,search_candidates,307214400
point_update,1,search_expanded,309573742
point_update,1,incoming_edges_repaired,49404459
point_update,1,outgoing_edges_added,96981519
point_update,1,rewired_nodes,80974346
point_update,1,pruned_edges,74768478
point_update,1,scrubbed_edges,470306
point_update,1,candidate_sources,298998257
point_update,1,empty_marker_rows,79915086
point_update,1,matched_edges,218042138
point_update,1,cleared_bits,18193049
point_update,1,support_checks,4356042401
point_update,1,parallel_preparations,0
point_update,1,reused_preparations,0
point_update,1,recomputed_preparations,0
point_update,1,parallel_points,1000000
point_update,1,max_active_points,32
point_update,1,parallel_deletions,1000000
point_update,1,peak_parallel_deletions,32
point_update,1,incoming_handoffs,100389
point_update,1,distance_cache_hits,3343672503
point_update,1,distance_cache_misses,13810421485
point_update,1,rng_witness_reuses,10492843
point_update,1,cleanup_bound_reused_rows,298855261
point_update,1,cleanup_bound_stale_rows,142996
point_update,1,deferred_incoming_handoffs,24050
point_update,1,deferred_incoming_repairs,24050
point_update,1,deferred_retired_source_repairs,1
point_update,1,ignored_completed_ghosts,16872780
point_update,1,deferred_overlapping_edges,24047
point_update,1,deferred_pending_requests,3
point_update,1,deferred_retired_source_requests,0
point_update,1,deferred_intermediate_rows,1
point_update,1,publication_retired_targets,152
point_update,2,requested,1000000
point_update,2,marked,1000000
point_update,2,search_candidates,305411700
point_update,2,search_expanded,307685602
point_update,2,incoming_edges_repaired,47655920
point_update,2,outgoing_edges_added,90886469
point_update,2,rewired_nodes,77634135
point_update,2,pruned_edges,82306325
point_update,2,scrubbed_edges,431567
point_update,2,candidate_sources,298998351
point_update,2,empty_marker_rows,70851094
point_update,2,matched_edges,226558163
point_update,2,cleared_bits,19091358
point_update,2,support_checks,5317958515
point_update,2,parallel_preparations,0
point_update,2,reused_preparations,0
point_update,2,recomputed_preparations,0
point_update,2,parallel_points,1000000
point_update,2,max_active_points,32
point_update,2,parallel_deletions,1000000
point_update,2,peak_parallel_deletions,32
point_update,2,incoming_handoffs,88100
point_update,2,distance_cache_hits,3649667836
point_update,2,distance_cache_misses,15053494473
point_update,2,rng_witness_reuses,12687730
point_update,2,cleanup_bound_reused_rows,298858617
point_update,2,cleanup_bound_stale_rows,139734
point_update,2,deferred_incoming_handoffs,18041
point_update,2,deferred_incoming_repairs,18041
point_update,2,deferred_retired_source_repairs,1
point_update,2,ignored_completed_ghosts,13257927
point_update,2,deferred_overlapping_edges,18039
point_update,2,deferred_pending_requests,1
point_update,2,deferred_retired_source_requests,1
point_update,2,deferred_intermediate_rows,1
point_update,2,publication_retired_targets,127
point_update,3,requested,1000000
point_update,3,marked,1000000
point_update,3,search_candidates,305055900
point_update,3,search_expanded,307361099
point_update,3,incoming_edges_repaired,46539962
point_update,3,outgoing_edges_added,89896589
point_update,3,rewired_nodes,76425034
point_update,3,pruned_edges,81823480
point_update,3,scrubbed_edges,431002
point_update,3,candidate_sources,298998310
point_update,3,empty_marker_rows,68931314
point_update,3,matched_edges,228389375
point_update,3,cleared_bits,19403891
point_update,3,support_checks,5705435078
point_update,3,parallel_preparations,0
point_update,3,reused_preparations,0
point_update,3,recomputed_preparations,0
point_update,3,parallel_points,1000000
point_update,3,max_active_points,32
point_update,3,parallel_deletions,1000000
point_update,3,peak_parallel_deletions,32
point_update,3,incoming_handoffs,86512
point_update,3,distance_cache_hits,3712409842
point_update,3,distance_cache_misses,15445692674
point_update,3,rng_witness_reuses,12765181
point_update,3,cleanup_bound_reused_rows,298856943
point_update,3,cleanup_bound_stale_rows,141367
point_update,3,deferred_incoming_handoffs,16855
point_update,3,deferred_incoming_repairs,16855
point_update,3,deferred_retired_source_repairs,0
point_update,3,ignored_completed_ghosts,12738351
point_update,3,deferred_overlapping_edges,16852
point_update,3,deferred_pending_requests,3
point_update,3,deferred_retired_source_requests,0
point_update,3,deferred_intermediate_rows,0
point_update,3,publication_retired_targets,106
point_update,4,requested,1000000
point_update,4,marked,1000000
point_update,4,search_candidates,305124600
point_update,4,search_expanded,307452218
point_update,4,incoming_edges_repaired,46516507
point_update,4,outgoing_edges_added,89897455
point_update,4,rewired_nodes,76416512
point_update,4,pruned_edges,81593778
point_update,4,scrubbed_edges,440112
point_update,4,candidate_sources,298998346
point_update,4,empty_marker_rows,68231937
point_update,4,matched_edges,229074455
point_update,4,cleared_bits,19594195
point_update,4,support_checks,5854613728
point_update,4,parallel_preparations,0
point_update,4,reused_preparations,0
point_update,4,recomputed_preparations,0
point_update,4,parallel_points,1000000
point_update,4,max_active_points,32
point_update,4,parallel_deletions,1000000
point_update,4,peak_parallel_deletions,32
point_update,4,incoming_handoffs,87206
point_update,4,distance_cache_hits,3743380101
point_update,4,distance_cache_misses,15624463957
point_update,4,rng_witness_reuses,12778616
point_update,4,cleanup_bound_reused_rows,298858396
point_update,4,cleanup_bound_stale_rows,139950
point_update,4,deferred_incoming_handoffs,17083
point_update,4,deferred_incoming_repairs,17083
point_update,4,deferred_retired_source_repairs,2
point_update,4,ignored_completed_ghosts,12851339
point_update,4,deferred_overlapping_edges,17079
point_update,4,deferred_pending_requests,2
point_update,4,deferred_retired_source_requests,2
point_update,4,deferred_intermediate_rows,2
point_update,4,publication_retired_targets,136
point_update,5,requested,1000000
point_update,5,marked,1000000
point_update,5,search_candidates,305207100
point_update,5,search_expanded,307542487
point_update,5,incoming_edges_repaired,46980834
point_update,5,outgoing_edges_added,90024637
point_update,5,rewired_nodes,76888859
point_update,5,pruned_edges,81799058
point_update,5,scrubbed_edges,444573
point_update,5,candidate_sources,298998311
point_update,5,empty_marker_rows,68026731
point_update,5,matched_edges,229278178
point_update,5,cleared_bits,19709839
point_update,5,support_checks,5913182099
point_update,5,parallel_preparations,0
point_update,5,reused_preparations,0
point_update,5,recomputed_preparations,0
point_update,5,parallel_points,1000000
point_update,5,max_active_points,32
point_update,5,parallel_deletions,1000000
point_update,5,peak_parallel_deletions,32
point_update,5,incoming_handoffs,88510
point_update,5,distance_cache_hits,3765816210
point_update,5,distance_cache_misses,15727882804
point_update,5,rng_witness_reuses,12809590
point_update,5,cleanup_bound_reused_rows,298857428
point_update,5,cleanup_bound_stale_rows,140883
point_update,5,deferred_incoming_handoffs,17360
point_update,5,deferred_incoming_repairs,17360
point_update,5,deferred_retired_source_repairs,0
point_update,5,ignored_completed_ghosts,13124955
point_update,5,deferred_overlapping_edges,17360
point_update,5,deferred_pending_requests,0
point_update,5,deferred_retired_source_requests,0
point_update,5,deferred_intermediate_rows,0
point_update,5,publication_retired_targets,120
