operation	stage	progress	occupied	deleted	live	maintenance_wall_s	maintenance_records	maintenance_records_s	initial_build_wall_s	initial_prefix_shared	selectivity_live_min	selectivity_live_mean	selectivity_live_max	matching_live_mean	qps90	observed_qps	recall	ef	recall_status	qps_method	paired_initial_qps90	paired_initial_observed_qps	paired_initial_recall	paired_initial_ef	same_recall_qps90_change	native_sha256	reused	trace_version	operation_native_sha256	query_native_sha256	query_implementation	index_format	numeric_marker_version	marker_owner_version	pickle_state_version	distance_order_version	candidate_order	queries_retimed
insert	0	0	5000000	0	5000000	NA	0	NA	525.3287868648767	False	0.0977684	0.0978806876	0.0979912	489403.438	2506.090711887712	2449.982463354041	0.9029	26	target90	adjacent_integer_ef_linear_interpolation	2540.0538482574766	2498.349841034635	0.9029	26	-0.013371030064210587	608e9ae692fa2fd9d5ec160a370a63b90419356c6b64d67285f10d6bd1e4f84e	False	source-prefix-5M-to-10M-v1	608e9ae692fa2fd9d5ec160a370a63b90419356c6b64d67285f10d6bd1e4f84e	608e9ae692fa2fd9d5ec160a370a63b90419356c6b64d67285f10d6bd1e4f84e	bounded-floor-buckets-inclusive-ranges-v2	10	2	2	4	1	vector-distance-only-v1	False
insert	1	1000000	6000000	0	6000000	119.16093409620225	1000000	8392.012093432144	NA	False	0.09782183333333333	0.09788677833333334	0.09798783333333333	587320.67	2426.2078831567633	2352.4843161880603	0.9038	27	target90	adjacent_integer_ef_linear_interpolation	2543.0697379293233	2496.4074685082337	0.9029	26	-0.04595306728305215	608e9ae692fa2fd9d5ec160a370a63b90419356c6b64d67285f10d6bd1e4f84e	False	source-prefix-5M-to-10M-v1	608e9ae692fa2fd9d5ec160a370a63b90419356c6b64d67285f10d6bd1e4f84e	608e9ae692fa2fd9d5ec160a370a63b90419356c6b64d67285f10d6bd1e4f84e	bounded-floor-buckets-inclusive-ranges-v2	10	2	2	4	1	vector-distance-only-v1	False
insert	2	2000000	7000000	0	7000000	120.77289530821145	1000000	8280.003534303025	NA	False	0.09778542857142856	0.09786415128571428	0.09798914285714286	685049.059	2316.239670605383	2287.015916141739	0.9015	28	target90	adjacent_integer_ef_linear_interpolation	2540.6781230223573	2494.5260771622184	0.9029	26	-0.0883380111723816	608e9ae692fa2fd9d5ec160a370a63b90419356c6b64d67285f10d6bd1e4f84e	False	source-prefix-5M-to-10M-v1	608e9ae692fa2fd9d5ec160a370a63b90419356c6b64d67285f10d6bd1e4f84e	608e9ae692fa2fd9d5ec160a370a63b90419356c6b64d67285f10d6bd1e4f84e	bounded-floor-buckets-inclusive-ranges-v2	10	2	2	4	1	vector-distance-only-v1	False
insert	3	3000000	8000000	0	8000000	123.41096173599362	1000000	8103.007917070169	NA	False	0.097841875	0.097936586125	0.098043375	783492.689	2240.1231417146228	2199.7601021189785	0.9028	29	target90	adjacent_integer_ef_linear_interpolation	2541.270892345674	2488.399345020032	0.9029	26	-0.11850281350882752	608e9ae692fa2fd9d5ec160a370a63b90419356c6b64d67285f10d6bd1e4f84e	False	source-prefix-5M-to-10M-v1	608e9ae692fa2fd9d5ec160a370a63b90419356c6b64d67285f10d6bd1e4f84e	608e9ae692fa2fd9d5ec160a370a63b90419356c6b64d67285f10d6bd1e4f84e	bounded-floor-buckets-inclusive-ranges-v2	10	2	2	4	1	vector-distance-only-v1	False
insert	4	4000000	9000000	0	9000000	119.63248077221215	1000000	8358.933907791008	NA	False	0.09785566666666666	0.09792457522222223	0.09802877777777778	881321.177	2242.174035075648	2232.3102963171814	0.9005	29	target90	adjacent_integer_ef_linear_interpolation	2569.012391900825	2523.6919042933905	0.9029	26	-0.12722334771742683	608e9ae692fa2fd9d5ec160a370a63b90419356c6b64d67285f10d6bd1e4f84e	False	source-prefix-5M-to-10M-v1	608e9ae692fa2fd9d5ec160a370a63b90419356c6b64d67285f10d6bd1e4f84e	608e9ae692fa2fd9d5ec160a370a63b90419356c6b64d67285f10d6bd1e4f84e	bounded-floor-buckets-inclusive-ranges-v2	10	2	2	4	1	vector-distance-only-v1	False
insert	5	5000000	10000000	0	10000000	120.8519083429128	1000000	8274.590064085187	NA	False	0.0978433	0.0979325947	0.0980599	979325.947	2230.727840967765	2214.365374302118	0.9009	29	target90	adjacent_integer_ef_linear_interpolation	2565.5866969585295	2508.6151089687155	0.9029	26	-0.1305194076613101	608e9ae692fa2fd9d5ec160a370a63b90419356c6b64d67285f10d6bd1e4f84e	False	source-prefix-5M-to-10M-v1	608e9ae692fa2fd9d5ec160a370a63b90419356c6b64d67285f10d6bd1e4f84e	608e9ae692fa2fd9d5ec160a370a63b90419356c6b64d67285f10d6bd1e4f84e	bounded-floor-buckets-inclusive-ranges-v2	10	2	2	4	1	vector-distance-only-v1	False
delete	0	0	10000000	0	10000000	NA	0	NA	NA	False	0.0978433	0.0979325947	0.0980599	979325.947	2232.85296029884	2214.95252844589	0.9009	29	target90	adjacent_integer_ef_linear_interpolation	2245.5041728238975	2224.618605270883	0.9009	29	-0.005634018710883759	608e9ae692fa2fd9d5ec160a370a63b90419356c6b64d67285f10d6bd1e4f84e	False	default_rng-12345-permutation-10M-v1	608e9ae692fa2fd9d5ec160a370a63b90419356c6b64d67285f10d6bd1e4f84e	608e9ae692fa2fd9d5ec160a370a63b90419356c6b64d67285f10d6bd1e4f84e	bounded-floor-buckets-inclusive-ranges-v2	10	2	2	4	1	vector-distance-only-v1	False
delete	1	1000000	10000000	1000000	9000000	321.0559194441885	1000000	3114.7222008278136	NA	False	0.09779333333333333	0.09789866044444445	0.09802866666666667	881087.944	2227.7937552735684	2104.749727209617	0.9066	16	target90	adjacent_integer_ef_linear_interpolation	2244.0166405112745	2224.8784753317086	0.9009	29	-0.007229396139419864	608e9ae692fa2fd9d5ec160a370a63b90419356c6b64d67285f10d6bd1e4f84e	False	default_rng-12345-permutation-10M-v1	608e9ae692fa2fd9d5ec160a370a63b90419356c6b64d67285f10d6bd1e4f84e	608e9ae692fa2fd9d5ec160a370a63b90419356c6b64d67285f10d6bd1e4f84e	bounded-floor-buckets-inclusive-ranges-v2	10	2	2	4	1	vector-distance-only-v1	False
delete	2	2000000	10000000	2000000	8000000	345.90494061261415	1000000	2890.967669409267	NA	False	0.0977735	0.097899492625	0.09804375	783195.941	2334.9358027155213	2266.993362796723	0.904	12	target90	adjacent_integer_ef_linear_interpolation	2248.021966625092	2228.810518888393	0.9009	29	0.03866236068009221	608e9ae692fa2fd9d5ec160a370a63b90419356c6b64d67285f10d6bd1e4f84e	False	default_rng-12345-permutation-10M-v1	608e9ae692fa2fd9d5ec160a370a63b90419356c6b64d67285f10d6bd1e4f84e	608e9ae692fa2fd9d5ec160a370a63b90419356c6b64d67285f10d6bd1e4f84e	bounded-floor-buckets-inclusive-ranges-v2	10	2	2	4	1	vector-distance-only-v1	False
delete	3	3000000	10000000	3000000	7000000	365.1219413485378	1000000	2738.8110292868455	NA	False	0.09771	0.09781279571428571	0.09794614285714286	684689.57	NA	2496.5269679907487	0.9023	10	>=90%; minimum legal ef already above target	observed_at_minimum_ef_NO_extrapolation	2250.720796407176	2228.5267787690345	0.9009	29	NA	608e9ae692fa2fd9d5ec160a370a63b90419356c6b64d67285f10d6bd1e4f84e	False	default_rng-12345-permutation-10M-v1	608e9ae692fa2fd9d5ec160a370a63b90419356c6b64d67285f10d6bd1e4f84e	608e9ae692fa2fd9d5ec160a370a63b90419356c6b64d67285f10d6bd1e4f84e	bounded-floor-buckets-inclusive-ranges-v2	10	2	2	4	1	vector-distance-only-v1	False
delete	4	4000000	10000000	4000000	6000000	359.98573425225914	1000000	2777.8878573539596	NA	False	0.09773516666666666	0.09784913983333333	0.0979825	587094.839	NA	2377.100182065454	0.9103	10	>=90%; minimum legal ef already above target	observed_at_minimum_ef_NO_extrapolation	2262.6807022577987	2246.1262535770525	0.9009	29	NA	608e9ae692fa2fd9d5ec160a370a63b90419356c6b64d67285f10d6bd1e4f84e	False	default_rng-12345-permutation-10M-v1	608e9ae692fa2fd9d5ec160a370a63b90419356c6b64d67285f10d6bd1e4f84e	608e9ae692fa2fd9d5ec160a370a63b90419356c6b64d67285f10d6bd1e4f84e	bounded-floor-buckets-inclusive-ranges-v2	10	2	2	4	1	vector-distance-only-v1	False
delete	5	5000000	10000000	5000000	5000000	367.72897203452885	1000000	2719.394108294797	NA	False	0.0978126	0.0979205896	0.0980478	489602.948	NA	2289.901722449147	0.9218	10	>=90%; minimum legal ef already above target	observed_at_minimum_ef_NO_extrapolation	2250.7055310790424	2230.4907825448013	0.9009	29	NA	608e9ae692fa2fd9d5ec160a370a63b90419356c6b64d67285f10d6bd1e4f84e	False	default_rng-12345-permutation-10M-v1	608e9ae692fa2fd9d5ec160a370a63b90419356c6b64d67285f10d6bd1e4f84e	608e9ae692fa2fd9d5ec160a370a63b90419356c6b64d67285f10d6bd1e4f84e	bounded-floor-buckets-inclusive-ranges-v2	10	2	2	4	1	vector-distance-only-v1	False
point_update	0	0	5000000	0	5000000	NA	0	NA	NA	True	0.0977684	0.0978806876	0.0979912	489403.438	2515.7986175736924	2472.573952527029	0.9029	26	target90	adjacent_integer_ef_linear_interpolation	2532.5321677704997	2481.0679705131856	0.9029	26	-0.006607438361400431	608e9ae692fa2fd9d5ec160a370a63b90419356c6b64d67285f10d6bd1e4f84e	False	complete-record-consecutive-fresh-label-v1	608e9ae692fa2fd9d5ec160a370a63b90419356c6b64d67285f10d6bd1e4f84e	608e9ae692fa2fd9d5ec160a370a63b90419356c6b64d67285f10d6bd1e4f84e	bounded-floor-buckets-inclusive-ranges-v2	10	2	2	4	1	vector-distance-only-v1	False
point_update	1	1000000	6000000	1000000	5000000	458.69930754229426	1000000	2180.077413584923	NA	True	0.0977512	0.0978344124	0.0979946	489172.062	2537.023939310723	2428.6924671566803	0.9065	16	target90	adjacent_integer_ef_linear_interpolation	2540.995508181415	2488.363671663328	0.9029	26	-0.0015629972024368	608e9ae692fa2fd9d5ec160a370a63b90419356c6b64d67285f10d6bd1e4f84e	False	complete-record-consecutive-fresh-label-v1	608e9ae692fa2fd9d5ec160a370a63b90419356c6b64d67285f10d6bd1e4f84e	608e9ae692fa2fd9d5ec160a370a63b90419356c6b64d67285f10d6bd1e4f84e	bounded-floor-buckets-inclusive-ranges-v2	10	2	2	4	1	vector-distance-only-v1	False
point_update	2	2000000	7000000	2000000	5000000	459.9841581005603	1000000	2173.987913256315	NA	True	0.0977324	0.09784663440000001	0.0980392	489233.172	2549.4238191587497	2393.996322080183	0.9075	15	target90	adjacent_integer_ef_linear_interpolation	2541.987285230105	2496.6102552383095	0.9029	26	0.0029254803798011153	608e9ae692fa2fd9d5ec160a370a63b90419356c6b64d67285f10d6bd1e4f84e	False	complete-record-consecutive-fresh-label-v1	608e9ae692fa2fd9d5ec160a370a63b90419356c6b64d67285f10d6bd1e4f84e	608e9ae692fa2fd9d5ec160a370a63b90419356c6b64d67285f10d6bd1e4f84e	bounded-floor-buckets-inclusive-ranges-v2	10	2	2	4	1	vector-distance-only-v1	False
point_update	3	3000000	8000000	3000000	5000000	462.6053605992347	1000000	2161.6697193146497	NA	True	0.0978358	0.0979775834	0.0981498	489887.917	2608.034526881022	2538.4189147032407	0.9039	14	target90	adjacent_integer_ef_linear_interpolation	2558.967944945356	2509.7257117122094	0.9029	26	0.019174363646322856	608e9ae692fa2fd9d5ec160a370a63b90419356c6b64d67285f10d6bd1e4f84e	False	complete-record-consecutive-fresh-label-v1	608e9ae692fa2fd9d5ec160a370a63b90419356c6b64d67285f10d6bd1e4f84e	608e9ae692fa2fd9d5ec160a370a63b90419356c6b64d67285f10d6bd1e4f84e	bounded-floor-buckets-inclusive-ranges-v2	10	2	2	4	1	vector-distance-only-v1	False
point_update	4	4000000	9000000	4000000	5000000	464.0074172951281	1000000	2155.1379627277774	NA	True	0.0977926	0.0979603146	0.0981632	489801.573	2587.2580990984748	2541.9938546419294	0.9024	14	target90	adjacent_integer_ef_linear_interpolation	2538.494212719581	2482.24010778231	0.9029	26	0.01920976858428647	608e9ae692fa2fd9d5ec160a370a63b90419356c6b64d67285f10d6bd1e4f84e	False	complete-record-consecutive-fresh-label-v1	608e9ae692fa2fd9d5ec160a370a63b90419356c6b64d67285f10d6bd1e4f84e	608e9ae692fa2fd9d5ec160a370a63b90419356c6b64d67285f10d6bd1e4f84e	bounded-floor-buckets-inclusive-ranges-v2	10	2	2	4	1	vector-distance-only-v1	False
point_update	5	5000000	10000000	5000000	5000000	465.69203576631844	1000000	2147.3418551263226	NA	True	0.0978354	0.0979845018	0.0982012	489922.509	2551.612031856026	2537.482545472896	0.9007	14	target90	adjacent_integer_ef_linear_interpolation	2559.8440211924853	2508.284442457933	0.9029	26	-0.00321581677176741	608e9ae692fa2fd9d5ec160a370a63b90419356c6b64d67285f10d6bd1e4f84e	False	complete-record-consecutive-fresh-label-v1	608e9ae692fa2fd9d5ec160a370a63b90419356c6b64d67285f10d6bd1e4f84e	608e9ae692fa2fd9d5ec160a370a63b90419356c6b64d67285f10d6bd1e4f84e	bounded-floor-buckets-inclusive-ranges-v2	10	2	2	4	1	vector-distance-only-v1	False
