operation,stage,progress,occupied,deleted,live,maintenance_records,maintenance_seconds,maintenance_minutes,delete_seconds,add_seconds,qps90,observed_qps,recall,ef,recall_status,paired_initial_qps90,same_recall_qps90_change,selectivity_live_mean,selected_query_core,accepted_rounds,raw_results
insert,0,0,5000000,0,5000000,0,,,,,2506.090711887712,2449.982463354041,0.9029,26,target90,2540.0538482574766,-0.013371030064210587,0.0978806876,24,0;1;3;4;5;6;7,data/raw/insert/stage-00/results.json
insert,1,1000000,6000000,0,6000000,1000000,119.16093409620225,1.9860155682700376,,119.16093409620225,2426.2078831567633,2352.4843161880603,0.9038,27,target90,2543.0697379293233,-0.04595306728305215,0.09788677833333334,24,0;1;2;3;5;6;8,data/raw/insert/stage-01/results.json
insert,2,2000000,7000000,0,7000000,1000000,120.77289530821145,2.012881588470191,,120.77289530821145,2316.239670605383,2287.015916141739,0.9015,28,target90,2540.6781230223573,-0.0883380111723816,0.09786415128571428,24,0;1;2;3;4;5;6,data/raw/insert/stage-02/results.json
insert,3,3000000,8000000,0,8000000,1000000,123.41096173599362,2.0568493622665605,,123.41096173599362,2240.1231417146228,2199.7601021189785,0.9028,29,target90,2541.270892345674,-0.11850281350882752,0.097936586125,24,0;1;2;4;5;6;7,data/raw/insert/stage-03/results.json
insert,4,4000000,9000000,0,9000000,1000000,119.63248077221215,1.9938746795368691,,119.63248077221215,2242.174035075648,2232.3102963171814,0.9005,29,target90,2569.012391900825,-0.12722334771742683,0.09792457522222223,24,0;1;2;3;4;5;6,data/raw/insert/stage-04/results.json
insert,5,5000000,10000000,0,10000000,1000000,120.8519083429128,2.0141984723818798,,120.8519083429128,2230.727840967765,2214.365374302118,0.9009,29,target90,2565.5866969585295,-0.1305194076613101,0.0979325947,16,0;1;2;3;6;7;8,data/raw/insert/stage-05/results.json
delete,0,0,10000000,0,10000000,0,,,,,2232.85296029884,2214.95252844589,0.9009,29,target90,2245.5041728238975,-0.005634018710883759,0.0979325947,24,0;1;2;3;5;6;8,data/raw/delete/stage-00/results.json
delete,1,1000000,10000000,1000000,9000000,1000000,321.0559194441885,5.350931990736474,321.0559194441885,,2227.7937552735684,2104.749727209617,0.9066,16,target90,2244.0166405112745,-0.007229396139419864,0.09789866044444445,24,0;1;2;3;4;6;7,data/raw/delete/stage-01/results.json
delete,2,2000000,10000000,2000000,8000000,1000000,345.90494061261415,5.765082343543569,345.90494061261415,,2334.9358027155213,2266.993362796723,0.904,12,target90,2248.021966625092,0.03866236068009221,0.097899492625,16,0;1;2;5;6;7;8,data/raw/delete/stage-02/results.json
delete,3,3000000,10000000,3000000,7000000,1000000,365.1219413485378,6.0853656891422965,365.1219413485378,,,2496.5269679907487,0.9023,10,>=90%; minimum legal ef already above target,2250.720796407176,,0.09781279571428571,24,0;1;2;3;4;5;7,data/raw/delete/stage-03/results.json
delete,4,4000000,10000000,4000000,6000000,1000000,359.98573425225914,5.999762237537652,359.98573425225914,,,2377.100182065454,0.9103,10,>=90%; minimum legal ef already above target,2262.6807022577987,,0.09784913983333333,24,0;1;2;3;4;6;7,data/raw/delete/stage-04/results.json
delete,5,5000000,10000000,5000000,5000000,1000000,367.72897203452885,6.128816200575481,367.72897203452885,,,2289.901722449147,0.9218,10,>=90%; minimum legal ef already above target,2250.7055310790424,,0.0979205896,24,0;1;2;3;4;5;7,data/raw/delete/stage-05/results.json
point_update,0,0,5000000,0,5000000,0,,,,,2515.7986175736924,2472.573952527029,0.9029,26,target90,2532.5321677704997,-0.006607438361400431,0.0978806876,16,0;1;2;3;5;7;8,data/raw/point_update/stage-00/results.json
point_update,1,1000000,6000000,1000000,5000000,1000000,458.69930754229426,7.644988459038237,337.425301020965,121.27400652132928,2537.023939310723,2428.6924671566803,0.9065,16,target90,2540.995508181415,-0.0015629972024368,0.0978344124,16,0;1;2;3;4;5;6,data/raw/point_update/stage-01/results.json
point_update,2,2000000,7000000,2000000,5000000,1000000,459.9841581005603,7.666402635009338,338.1120088417083,121.872149258852,2549.4238191587497,2393.996322080183,0.9075,15,target90,2541.987285230105,0.0029254803798011153,0.09784663440000001,24,0;1;3;5;6;7;8,data/raw/point_update/stage-02/results.json
point_update,3,3000000,8000000,3000000,5000000,1000000,462.6053605992347,7.710089343320578,341.1382024567574,121.46715814247727,2608.034526881022,2538.4189147032407,0.9039,14,target90,2558.967944945356,0.019174363646322856,0.0979775834,24,0;1;2;3;4;5;6,data/raw/point_update/stage-03/results.json
point_update,4,4000000,9000000,4000000,5000000,1000000,464.0074172951281,7.733456954918802,341.7420843951404,122.2653328999877,2587.2580990984748,2541.9938546419294,0.9024,14,target90,2538.494212719581,0.01920976858428647,0.0979603146,24,0;1;3;4;5;6;7,data/raw/point_update/stage-04/results.json
point_update,5,5000000,10000000,5000000,5000000,1000000,465.69203576631844,7.761533929438641,343.4553703516722,122.23666541464627,2551.612031856026,2537.482545472896,0.9007,14,target90,2559.8440211924853,-0.00321581677176741,0.0979845018,24,0;1;2;3;4;5;6,data/raw/point_update/stage-05/results.json
