"operation","stage","progress","live","qps95","observed_qps","recall","ef","maintenance_seconds","qps_point_type","plotted_qps","plotted_maintenance_minutes"
"insert",0,0,5000000,1596.89125591876,1583.75859339206,0.9509,41,,"qps95",1596.89125591876,
"insert",1,1000000,6000000,1540.27676830444,1502.28413145931,0.9515,43,119.160934096202,"qps95",1540.27676830444,1.98601556827004
"insert",2,2000000,7000000,1497.07189415048,1464.48911932015,0.9519,44,120.772895308211,"qps95",1497.07189415048,2.01288158847019
"insert",3,3000000,8000000,1402.35669305447,1373.96671701738,0.951,47,123.410961735994,"qps95",1402.35669305447,2.05684936226656
"insert",4,4000000,9000000,1304.09022465723,1297.96878758698,0.9505,49,119.632480772212,"qps95",1304.09022465723,1.99387467953687
"insert",5,5000000,10000000,1316.6737152642,1295.54949809578,0.9522,49,120.851908342913,"qps95",1316.6737152642,2.01419847238188
"delete",0,0,10000000,1310.10874228055,1284.39462322467,0.9522,49,,"qps95",1310.10874228055,
"delete",1,1000000,9000000,1371.96258980145,1350.88601322093,0.9511,25,321.055919444188,"qps95",1371.96258980145,5.35093199073647
"delete",2,2000000,8000000,1460.27619263041,1393.56111485022,0.9526,20,345.904940612614,"qps95",1460.27619263041,5.76508234354357
"delete",3,3000000,7000000,1533.7036618766,1491.32995344304,0.9519,17,365.121941348538,"qps95",1533.7036618766,6.0853656891423
"delete",4,4000000,6000000,1552.91749477561,1489.66361611942,0.9535,16,359.985734252259,"qps95",1552.91749477561,5.99976223753765
"delete",5,5000000,5000000,1682.08835464515,1662.32127905316,0.9511,14,367.728972034529,"qps95",1682.08835464515,6.12881620057548
"point_update",0,0,5000000,1593.97826577052,1577.7494858753,0.9509,41,,"qps95",1593.97826577052,
"point_update",1,1000000,5000000,1601.29430633375,1581.48969188732,0.9513,25,458.699307542294,"qps95",1601.29430633375,7.64498845903824
"point_update",2,2000000,5000000,1617.73468840011,1617.73468840011,0.95,23,459.98415810056,"qps95",1617.73468840011,7.66640263500934
"point_update",3,3000000,5000000,1587.87684259701,1580.51137839081,0.9503,23,462.605360599235,"qps95",1587.87684259701,7.71008934332058
"point_update",4,4000000,5000000,1634.7282910051,1592.40462575985,0.9521,23,464.007417295128,"qps95",1634.7282910051,7.7334569549188
"point_update",5,5000000,5000000,1562.6546518191,1534.5864095564,0.9513,24,465.692035766318,"qps95",1562.6546518191,7.76153392943864
