operation,stage,progress,occupied,deleted,live,maintenance_records,maintenance_seconds,maintenance_minutes,delete_seconds,add_seconds,qps95,observed_qps,recall,ef,recall_status,paired_initial_qps95,same_recall_qps95_change,selectivity_live_mean,selected_query_core,accepted_rounds,raw_results
insert,0,0,5000000,0,5000000,0,,,,,1596.8912559187577,1583.7585933920636,0.9509,41,target95,1588.496678077821,0.00528460522252705,0.0978806876,24,0;1;2;3;4;5;6,/mnt/data/mocheng/dataset/sift10m/hashann/benchmarks/dynamic_recall95_v11_20260914_608e9ae692fa/insert/stage-0-3272b9c4c61f4c65b197948b70284f7e/results.json
insert,1,1000000,6000000,0,6000000,1000000,119.16093409620225,1.9860155682700376,,119.16093409620225,1540.2767683044353,1502.284131459306,0.9515,43,target95,1596.3632137069592,-0.035133887401654684,0.09788677833333334,24,0;1;2;3;4;5;6,/mnt/data/mocheng/dataset/sift10m/hashann/benchmarks/dynamic_recall95_v11_20260914_608e9ae692fa/insert/stage-1-554b0dfb19f3496cb36f00d53266b648/results.json
insert,2,2000000,7000000,0,7000000,1000000,120.77289530821145,2.012881588470191,,120.77289530821145,1497.0718941504842,1464.489119320147,0.9519,44,target95,1593.123999005366,-0.06029166901939198,0.09786415128571428,24,0;1;2;3;4;5;6,/mnt/data/mocheng/dataset/sift10m/hashann/benchmarks/dynamic_recall95_v11_20260914_608e9ae692fa/insert/stage-2-a8f4975ea683416dbc2788193d03b506/results.json
insert,3,3000000,8000000,0,8000000,1000000,123.41096173599362,2.0568493622665605,,123.41096173599362,1402.356693054467,1373.96671701738,0.951,47,target95,1600.4048903790563,-0.12374880788928444,0.097936586125,24,0;3;4;5;6;7;8,/mnt/data/mocheng/dataset/sift10m/hashann/benchmarks/dynamic_recall95_v11_20260914_608e9ae692fa/insert/stage-3-63fa895e575842689f704048fb13262e/results.json
insert,4,4000000,9000000,0,9000000,1000000,119.63248077221215,1.9938746795368691,,119.63248077221215,1304.0902246572332,1297.9687875869843,0.9505,49,target95,1585.8526662975123,-0.17767252130559485,0.09792457522222223,24,0;2;4;5;6;7;8,/mnt/data/mocheng/dataset/sift10m/hashann/benchmarks/dynamic_recall95_v11_20260914_608e9ae692fa/insert/stage-4-d7e3a00c5f3f4ef0a6d712a0f5220a41/results.json
insert,5,5000000,10000000,0,10000000,1000000,120.8519083429128,2.0141984723818798,,120.8519083429128,1316.6737152642006,1295.549498095778,0.9522,49,target95,1590.0642403258505,-0.17193677974018473,0.0979325947,24,2;3;4;6;7;8;9,/mnt/data/mocheng/dataset/sift10m/hashann/benchmarks/dynamic_recall95_v11_20260914_608e9ae692fa/insert/stage-5-201ac3dc93484c3f9dc9d3a845022f15/results.json
delete,0,0,10000000,0,10000000,0,,,,,1310.1087422805494,1284.3946232246724,0.9522,49,target95,1307.421308048484,0.0020555227419971622,0.0979325947,24,0;1;2;3;4;6;8,/mnt/data/mocheng/dataset/sift10m/hashann/benchmarks/dynamic_recall95_v11_20260914_608e9ae692fa/delete/stage-0-eacf653c2ef849bd917dd8c891206e36/results.json
delete,1,1000000,10000000,1000000,9000000,1000000,321.0559194441885,5.350931990736474,321.0559194441885,,1371.9625898014497,1350.886013220926,0.9511,25,target95,1325.284002068418,0.03522157338365117,0.09789866044444445,24,0;1;2;3;4;5;6,/mnt/data/mocheng/dataset/sift10m/hashann/benchmarks/dynamic_recall95_v11_20260914_608e9ae692fa/delete/stage-1-8af16a459fc94f2f92d6d9776b68e4dd/results.json
delete,2,2000000,10000000,2000000,8000000,1000000,345.90494061261415,5.765082343543569,345.90494061261415,,1460.2761926304063,1393.5611148502167,0.9526,20,target95,1325.5369909454746,0.10164876771098275,0.097899492625,24,0;1;2;3;5;6;7,/mnt/data/mocheng/dataset/sift10m/hashann/benchmarks/dynamic_recall95_v11_20260914_608e9ae692fa/delete/stage-2-64bcc25ccb0e4838ab6a29811aec71ee/results.json
delete,3,3000000,10000000,3000000,7000000,1000000,365.1219413485378,6.0853656891422965,365.1219413485378,,1533.7036618765958,1491.3299534430396,0.9519,17,target95,1316.2633308785232,0.16519515958326125,0.09781279571428571,24,0;1;2;3;4;5;6,/mnt/data/mocheng/dataset/sift10m/hashann/benchmarks/dynamic_recall95_v11_20260914_608e9ae692fa/delete/stage-3-616d52d473ea4441ab9b9f7e480111a6/results.json
delete,4,4000000,10000000,4000000,6000000,1000000,359.98573425225914,5.999762237537652,359.98573425225914,,1552.9174947756107,1489.6636161194187,0.9535,16,target95,1320.2501391365172,0.17622975278856234,0.09784913983333333,24,0;1;2;3;4;6;9,/mnt/data/mocheng/dataset/sift10m/hashann/benchmarks/dynamic_recall95_v11_20260914_608e9ae692fa/delete/stage-4-f8e4007abe3d49f3a97f959420ccc2ca/results.json
delete,5,5000000,10000000,5000000,5000000,1000000,367.72897203452885,6.128816200575481,367.72897203452885,,1682.0883546451491,1662.321279053158,0.9511,14,target95,1335.6571839578244,0.2593713228575454,0.0979205896,24,0;1;2;3;4;5;6,/mnt/data/mocheng/dataset/sift10m/hashann/benchmarks/dynamic_recall95_v11_20260914_608e9ae692fa/delete/stage-5-981c538148fe45689a1392934218a592/results.json
point_update,0,0,5000000,0,5000000,0,,,,,1593.978265770517,1577.749485875303,0.9509,41,target95,1591.9140146607162,0.0012967101808201154,0.0978806876,24,0;1;2;4;6;7;9,/mnt/data/mocheng/dataset/sift10m/hashann/benchmarks/dynamic_recall95_v11_20260914_608e9ae692fa/point_update/stage-0-38482dbfdd0b49df913df5c154efaa33/results.json
point_update,1,1000000,6000000,1000000,5000000,1000000,458.69930754229426,7.644988459038237,337.425301020965,121.27400652132928,1601.2943063337516,1581.4896918873178,0.9513,25,target95,1598.0812188597893,0.002010590848602112,0.0978344124,24,1;2;3;4;5;6;7,/mnt/data/mocheng/dataset/sift10m/hashann/benchmarks/dynamic_recall95_v11_20260914_608e9ae692fa/point_update/stage-1-eaefd01efc1b4d0b8d8971179ecabd20/results.json
point_update,2,2000000,7000000,2000000,5000000,1000000,459.9841581005603,7.666402635009338,338.1120088417083,121.872149258852,1617.7346884001104,1617.7346884001104,0.95,23,target95,1596.1351573208772,0.013532394785093382,0.09784663440000001,24,8;9;10;11;12;13;14,/mnt/data/mocheng/dataset/sift10m/hashann/benchmarks/dynamic_recall95_v11_20260914_608e9ae692fa/point_update/stage-2-a830802b4294454e85f7ecb3408a029f/results.json
point_update,3,3000000,8000000,3000000,5000000,1000000,462.6053605992347,7.710089343320578,341.1382024567574,121.46715814247727,1587.876842597009,1580.5113783908148,0.9503,23,target95,1582.4055233999713,0.0034575961194081017,0.0979775834,24,0;1;2;3;4;5;6,/mnt/data/mocheng/dataset/sift10m/hashann/benchmarks/dynamic_recall95_v11_20260914_608e9ae692fa/point_update/stage-3-3fd45b9ca2694ec2bc674705bf69ce2f/results.json
point_update,4,4000000,9000000,4000000,5000000,1000000,464.0074172951281,7.733456954918802,341.7420843951404,122.2653328999877,1634.728291005098,1592.4046257598475,0.9521,23,target95,1576.774664584003,0.03675453932815742,0.0979603146,24,0;1;2;4;5;6;7,/mnt/data/mocheng/dataset/sift10m/hashann/benchmarks/dynamic_recall95_v11_20260914_608e9ae692fa/point_update/stage-4-9608466aaa8e4acbb5a6957fd547d5b5/results.json
point_update,5,5000000,10000000,5000000,5000000,1000000,465.69203576631844,7.761533929438641,343.4553703516722,122.23666541464627,1562.6546518191014,1534.586409556398,0.9513,24,target95,1589.7370984339477,-0.017035802109370946,0.0979845018,24,0;1;2;4;5;6;7,/mnt/data/mocheng/dataset/sift10m/hashann/benchmarks/dynamic_recall95_v11_20260914_608e9ae692fa/point_update/stage-5-bd20bea3ed64438fa856f8282caa8598/results.json
